"Rd=add(Rs,#s16)","Word32 Q6_R_add_RI(Word32 Rs, Word32 Is16)"
"Rd=add(Rs,Rt)","Word32 Q6_R_add_RR(Word32 Rs, Word32 Rt)"
"Rd=add(Rs,Rt):sat","Word32 Q6_R_add_RR_sat(Word32 Rs, Word32 Rt)"
"Rd=and(Rs,#s10)","Word32 Q6_R_and_RI(Word32 Rs, Word32 Is10)"
"Rd=and(Rs,Rt)","Word32 Q6_R_and_RR(Word32 Rs, Word32 Rt)"
"Rd=and(Rt,~Rs)","Word32 Q6_R_and_RnR(Word32 Rt, Word32 Rs)"
Rd=not(Rs),Word32 Q6_R_not_R(Word32 Rs)
"Rd=or(Rs,#s10)","Word32 Q6_R_or_RI(Word32 Rs, Word32 Is10)"
"Rd=or(Rs,Rt)","Word32 Q6_R_or_RR(Word32 Rs, Word32 Rt)"
"Rd=or(Rt,~Rs)","Word32 Q6_R_or_RnR(Word32 Rt, Word32 Rs)"
"Rd=xor(Rs,Rt)","Word32 Q6_R_xor_RR(Word32 Rs, Word32 Rt)"
Rd=neg(Rs),Word32 Q6_R_neg_R(Word32 Rs)
"Rd=sub(#s10,Rs)","Word32 Q6_R_sub_IR(Word32 Is10, Word32 Rs)"
"Rd=sub(Rt,Rs)","Word32 Q6_R_sub_RR(Word32 Rt, Word32 Rs)"
"Rd=sub(Rt,Rs):sat","Word32 Q6_R_sub_RR_sat(Word32 Rt, Word32 Rs)"
Rd=sxtb(Rs),Word32 Q6_R_sxtb_R(Word32 Rs)
Rd=sxth(Rs),Word32 Q6_R_sxth_R(Word32 Rs)
Rd=#s16,Word32 Q6_R_equals_I(Word32 Is16)
Rdd=#s8,Word64 Q6_P_equals_I(Word32 Is8)
Rx.H=#u16,"Word32 Q6_Rh_equals_I(Word32 Rx, Word32 Iu16)"
Rx.L=#u16,"Word32 Q6_Rl_equals_I(Word32 Rx, Word32 Iu16)"
Rd=Rs,Word32 Q6_R_equals_R(Word32 Rs)
Rdd=Rss,Word64 Q6_P_equals_P(Word64 Rss)
"Rd=vaddh(Rs,Rt)","Word32 Q6_R_vaddh_RR(Word32 Rs, Word32 Rt)"
"Rd=vaddh(Rs,Rt):sat","Word32 Q6_R_vaddh_RR_sat(Word32 Rs, Word32 Rt)"
"Rd=vadduh(Rs,Rt):sat","Word32 Q6_R_vadduh_RR_sat(Word32 Rs, Word32 Rt)"
"Rd=vavgh(Rs,Rt)","Word32 Q6_R_vavgh_RR(Word32 Rs, Word32 Rt)"
"Rd=vavgh(Rs,Rt):rnd","Word32 Q6_R_vavgh_RR_rnd(Word32 Rs, Word32 Rt)"
"Rd=vnavgh(Rt,Rs)","Word32 Q6_R_vnavgh_RR(Word32 Rt, Word32 Rs)"
"Rd=vsubh(Rt,Rs)","Word32 Q6_R_vsubh_RR(Word32 Rt, Word32 Rs)"
"Rd=vsubh(Rt,Rs):sat","Word32 Q6_R_vsubh_RR_sat(Word32 Rt, Word32 Rs)"
"Rd=vsubuh(Rt,Rs):sat","Word32 Q6_R_vsubuh_RR_sat(Word32 Rt, Word32 Rs)"
Rd=zxtb(Rs),Word32 Q6_R_zxtb_R(Word32 Rs)
Rd=zxth(Rs),Word32 Q6_R_zxth_R(Word32 Rs)
"Rd=combine(Rt.H,Rs.H)","Word32 Q6_R_combine_RhRh(Word32 Rt, Word32 Rs)"
"Rd=combine(Rt.H,Rs.L)","Word32 Q6_R_combine_RhRl(Word32 Rt, Word32 Rs)"
"Rd=combine(Rt.L,Rs.H)","Word32 Q6_R_combine_RlRh(Word32 Rt, Word32 Rs)"
"Rd=combine(Rt.L,Rs.L)","Word32 Q6_R_combine_RlRl(Word32 Rt, Word32 Rs)"
"Rdd=combine(#s8,#S8)","Word64 Q6_P_combine_II(Word32 Is8, Word32 IS8)"
"Rdd=combine(#s8,Rs)","Word64 Q6_P_combine_IR(Word32 Is8, Word32 Rs)"
"Rdd=combine(Rs,#s8)","Word64 Q6_P_combine_RI(Word32 Rs, Word32 Is8)"
"Rdd=combine(Rs,Rt)","Word64 Q6_P_combine_RR(Word32 Rs, Word32 Rt)"
"Rd=mux(Pu,#s8,#S8)","Word32 Q6_R_mux_pII(Byte Pu, Word32 Is8, Word32"
"",IS8)
"Rd=mux(Pu,#s8,Rs)","Word32 Q6_R_mux_pIR(Byte Pu, Word32 Is8, Word32"
"",Rs)
"Rd=mux(Pu,Rs,#s8)","Word32 Q6_R_mux_pRI(Byte Pu, Word32 Rs, Word32"
"",Is8)
"Rd=mux(Pu,Rs,Rt)","Word32 Q6_R_mux_pRR(Byte Pu, Word32 Rs, Word32"
"",Rt)
Rd=aslh(Rs),Word32 Q6_R_aslh_R(Word32 Rs)
Rd=asrh(Rs),Word32 Q6_R_asrh_R(Word32 Rs)
"Rdd=packhl(Rs,Rt)","Word64 Q6_P_packhl_RR(Word32 Rs, Word32 Rt)"
"Pd=!cmp.eq(Rs,#s10)","Byte Q6_p_not_cmp_eq_RI(Word32 Rs, Word32 Is10)"
"Pd=!cmp.eq(Rs,Rt)","Byte Q6_p_not_cmp_eq_RR(Word32 Rs, Word32 Rt)"
"Pd=!cmp.gt(Rs,#s10)","Byte Q6_p_not_cmp_gt_RI(Word32 Rs, Word32 Is10)"
"Pd=!cmp.gt(Rs,Rt)","Byte Q6_p_not_cmp_gt_RR(Word32 Rs, Word32 Rt)"
"Pd=!cmp.gtu(Rs,#u9)","Byte Q6_p_not_cmp_gtu_RI(Word32 Rs, Word32 Iu9)"
"Pd=!cmp.gtu(Rs,Rt)","Byte Q6_p_not_cmp_gtu_RR(Word32 Rs, Word32 Rt)"
"Pd=cmp.eq(Rs,#s10)","Byte Q6_p_cmp_eq_RI(Word32 Rs, Word32 Is10)"
"Pd=cmp.eq(Rs,Rt)","Byte Q6_p_cmp_eq_RR(Word32 Rs, Word32 Rt)"
"Pd=cmp.ge(Rs,#s8)","Byte Q6_p_cmp_ge_RI(Word32 Rs, Word32 Is8)"
"Pd=cmp.geu(Rs,#u8)","Byte Q6_p_cmp_geu_RI(Word32 Rs, Word32 Iu8)"
"Pd=cmp.gt(Rs,#s10)","Byte Q6_p_cmp_gt_RI(Word32 Rs, Word32 Is10)"
"Pd=cmp.gt(Rs,Rt)","Byte Q6_p_cmp_gt_RR(Word32 Rs, Word32 Rt)"
"Pd=cmp.gtu(Rs,#u9)","Byte Q6_p_cmp_gtu_RI(Word32 Rs, Word32 Iu9)"
"Pd=cmp.gtu(Rs,Rt)","Byte Q6_p_cmp_gtu_RR(Word32 Rs, Word32 Rt)"
"Pd=cmp.lt(Rs,Rt)","Byte Q6_p_cmp_lt_RR(Word32 Rs, Word32 Rt)"
"Pd=cmp.ltu(Rs,Rt)","Byte Q6_p_cmp_ltu_RR(Word32 Rs, Word32 Rt)"
"Rd=!cmp.eq(Rs,#s8)","Word32 Q6_R_not_cmp_eq_RI(Word32 Rs, Word32 Is8)"
"Rd=!cmp.eq(Rs,Rt)","Word32 Q6_R_not_cmp_eq_RR(Word32 Rs, Word32 Rt)"
"Rd=cmp.eq(Rs,#s8)","Word32 Q6_R_cmp_eq_RI(Word32 Rs, Word32 Is8)"
"Rd=cmp.eq(Rs,Rt)","Word32 Q6_R_cmp_eq_RR(Word32 Rs, Word32 Rt)"
"Pd=!fastcorner9(Ps,Pt)","Byte Q6_p_not_fastcorner9_pp(Byte Ps, Byte Pt)"
"Pd=fastcorner9(Ps,Pt)","Byte Q6_p_fastcorner9_pp(Byte Ps, Byte Pt)"
Pd=all8(Ps),Byte Q6_p_all8_p(Byte Ps)
Pd=any8(Ps),Byte Q6_p_any8_p(Byte Ps)
Pd=Ps,Byte Q6_p_equals_p(Byte Ps)
"Pd=and(Ps,and(Pt,!Pu))","Byte Q6_p_and_and_ppnp(Byte Ps, Byte Pt, Byte Pu)"
"Pd=and(Ps,and(Pt,Pu))","Byte Q6_p_and_and_ppp(Byte Ps, Byte Pt, Byte Pu)"
"Pd=and(Ps,or(Pt,!Pu))","Byte Q6_p_and_or_ppnp(Byte Ps, Byte Pt, Byte Pu)"
"Pd=and(Ps,or(Pt,Pu))","Byte Q6_p_and_or_ppp(Byte Ps, Byte Pt, Byte Pu)"
"Pd=and(Pt,!Ps)","Byte Q6_p_and_pnp(Byte Pt, Byte Ps)"
"Pd=and(Pt,Ps)","Byte Q6_p_and_pp(Byte Pt, Byte Ps)"
Pd=not(Ps),Byte Q6_p_not_p(Byte Ps)
"Pd=or(Ps,and(Pt,!Pu))","Byte Q6_p_or_and_ppnp(Byte Ps, Byte Pt, Byte Pu)"
"Pd=or(Ps,and(Pt,Pu))","Byte Q6_p_or_and_ppp(Byte Ps, Byte Pt, Byte Pu)"
"Pd=or(Ps,or(Pt,!Pu))","Byte Q6_p_or_or_ppnp(Byte Ps, Byte Pt, Byte Pu)"
"Pd=or(Ps,or(Pt,Pu))","Byte Q6_p_or_or_ppp(Byte Ps, Byte Pt, Byte Pu)"
"Pd=or(Pt,!Ps)","Byte Q6_p_or_pnp(Byte Pt, Byte Ps)"
"Pd=or(Pt,Ps)","Byte Q6_p_or_pp(Byte Pt, Byte Ps)"
"Pd=xor(Ps,Pt)","Byte Q6_p_xor_pp(Byte Ps, Byte Pt)"
dcfetch(Rs),void Q6_dcfetch_A(Address a)
Rdd=abs(Rss),Word64 Q6_P_abs_P(Word64 Rss)
Rd=abs(Rs),Word32 Q6_R_abs_R(Word32 Rs)
Rd=abs(Rs):sat,Word32 Q6_R_abs_R_sat(Word32 Rs)
"Rd=add(Rs,add(Ru,#s6))","Word32 Q6_R_add_add_RRI(Word32 Rs, Word32 Ru,"
"",Word32 Is6)
"Rd=add(Rs,sub(#s6,Ru))","Word32 Q6_R_add_sub_RIR(Word32 Rs, Word32 Is6,"
"",Word32 Ru)
"Rx+=add(Rs,#s8)","Word32 Q6_R_addacc_RI(Word32 Rx, Word32 Rs,"
"",Word32 Is8)
"Rx+=add(Rs,Rt)","Word32 Q6_R_addacc_RR(Word32 Rx, Word32 Rs,"
"",Word32 Rt)
"Rx-=add(Rs,#s8)","Word32 Q6_R_addnac_RI(Word32 Rx, Word32 Rs,"
"",Word32 Is8)
"Rx-=add(Rs,Rt)","Word32 Q6_R_addnac_RR(Word32 Rx, Word32 Rs,"
"",Word32 Rt)
"Rdd=add(Rs,Rtt)","Word64 Q6_P_add_RP(Word32 Rs, Word64 Rtt)"
"Rdd=add(Rss,Rtt)","Word64 Q6_P_add_PP(Word64 Rss, Word64 Rtt)"
"Rdd=add(Rss,Rtt):sat","Word64 Q6_P_add_PP_sat(Word64 Rss, Word64 Rtt)"
"Rd=add(Rt.H,Rs.H):<<16","Word32 Q6_R_add_RhRh_s16(Word32 Rt, Word32 Rs)"
"Rd=add(Rt.H,Rs.H):sat:<<16","Word32 Q6_R_add_RhRh_sat_s16(Word32 Rt, Word32"
"",Rs)
"Rd=add(Rt.H,Rs.L):<<16","Word32 Q6_R_add_RhRl_s16(Word32 Rt, Word32 Rs)"
"Rd=add(Rt.H,Rs.L):sat:<<16","Word32 Q6_R_add_RhRl_sat_s16(Word32 Rt, Word32"
"",Rs)
"Rd=add(Rt.L,Rs.H)","Word32 Q6_R_add_RlRh(Word32 Rt, Word32 Rs)"
"Rd=add(Rt.L,Rs.H):<<16","Word32 Q6_R_add_RlRh_s16(Word32 Rt, Word32 Rs)"
"Rd=add(Rt.L,Rs.H):sat","Word32 Q6_R_add_RlRh_sat(Word32 Rt, Word32 Rs)"
"Rd=add(Rt.L,Rs.H):sat:<<16","Word32 Q6_R_add_RlRh_sat_s16(Word32 Rt, Word32"
"",Rs)
"Rd=add(Rt.L,Rs.L)","Word32 Q6_R_add_RlRl(Word32 Rt, Word32 Rs)"
"Rd=add(Rt.L,Rs.L):<<16","Word32 Q6_R_add_RlRl_s16(Word32 Rt, Word32 Rs)"
"Rd=add(Rt.L,Rs.L):sat","Word32 Q6_R_add_RlRl_sat(Word32 Rt, Word32 Rs)"
"Rd=add(Rt.L,Rs.L):sat:<<16","Word32 Q6_R_add_RlRl_sat_s16(Word32 Rt, Word32"
"",Rs)
"Rdd=and(Rss,Rtt)","Word64 Q6_P_and_PP(Word64 Rss, Word64 Rtt)"
"Rdd=and(Rtt,~Rss)","Word64 Q6_P_and_PnP(Word64 Rtt, Word64 Rss)"
Rdd=not(Rss),Word64 Q6_P_not_P(Word64 Rss)
"Rdd=or(Rss,Rtt)","Word64 Q6_P_or_PP(Word64 Rss, Word64 Rtt)"
"Rdd=or(Rtt,~Rss)","Word64 Q6_P_or_PnP(Word64 Rtt, Word64 Rss)"
"Rdd=xor(Rss,Rtt)","Word64 Q6_P_xor_PP(Word64 Rss, Word64 Rtt)"
"Rxx^=xor(Rss,Rtt)","Word64 Q6_P_xorxacc_PP(Word64 Rxx, Word64 Rss,"
"",Word64 Rtt)
"Rx&=and(Rs,Rt)","Word32 Q6_R_andand_RR(Word32 Rx, Word32 Rs, Word32"
"",Rt)
"Rx&=and(Rs,~Rt)","Word32 Q6_R_andand_RnR(Word32 Rx, Word32 Rs, Word32"
"",Rt)
"Rx&=or(Rs,Rt)","Word32 Q6_R_orand_RR(Word32 Rx, Word32 Rs, Word32 Rt)"
"Rx&=xor(Rs,Rt)","Word32 Q6_R_xorand_RR(Word32 Rx, Word32 Rs, Word32"
"",Rt)
"Rx=or(Ru,and(Rx,#s10))","Word32 Q6_R_or_and_RRI(Word32 Ru, Word32 Rx, Word32"
"",Is10)
"Rx^=and(Rs,Rt)","Word32 Q6_R_andxacc_RR(Word32 Rx, Word32 Rs, Word32"
"",Rt)
"Rx^=and(Rs,~Rt)","Word32 Q6_R_andxacc_RnR(Word32 Rx, Word32 Rs, Word32"
"",Rt)
"Rx^=or(Rs,Rt)","Word32 Q6_R_orxacc_RR(Word32 Rx, Word32 Rs, Word32"
"",Rt)
"Rx^=xor(Rs,Rt)","Word32 Q6_R_xorxacc_RR(Word32 Rx, Word32 Rs, Word32"
"",Rt)
"Rx|=and(Rs,#s10)","Word32 Q6_R_andor_RI(Word32 Rx, Word32 Rs, Word32"
"",Is10)
"Rx|=and(Rs,Rt)","Word32 Q6_R_andor_RR(Word32 Rx, Word32 Rs, Word32 Rt)"
"Rx|=and(Rs,~Rt)","Word32 Q6_R_andor_RnR(Word32 Rx, Word32 Rs, Word32"
"",Rt)
"Rx|=or(Rs,#s10)","Word32 Q6_R_oror_RI(Word32 Rx, Word32 Rs, Word32"
"",Is10)
"Rx|=or(Rs,Rt)","Word32 Q6_R_oror_RR(Word32 Rx, Word32 Rs, Word32 Rt)"
"Rx|=xor(Rs,Rt)","Word32 Q6_R_xoror_RR(Word32 Rx, Word32 Rs, Word32 Rt)"
"Rd=max(Rs,Rt)","Word32 Q6_R_max_RR(Word32 Rs, Word32 Rt)"
"Rd=maxu(Rs,Rt)","UWord32 Q6_R_maxu_RR(Word32 Rs, Word32 Rt)"
"Rdd=max(Rss,Rtt)","Word64 Q6_P_max_PP(Word64 Rss, Word64 Rtt)"
"Rdd=maxu(Rss,Rtt)","UWord64 Q6_P_maxu_PP(Word64 Rss, Word64 Rtt)"
"Rd=min(Rt,Rs)","Word32 Q6_R_min_RR(Word32 Rt, Word32 Rs)"
"Rd=minu(Rt,Rs)","UWord32 Q6_R_minu_RR(Word32 Rt, Word32 Rs)"
"Rdd=min(Rtt,Rss)","Word64 Q6_P_min_PP(Word64 Rtt, Word64 Rss)"
"Rdd=minu(Rtt,Rss)","UWord64 Q6_P_minu_PP(Word64 Rtt, Word64 Rss)"
"Rd=modwrap(Rs,Rt)","Word32 Q6_R_modwrap_RR(Word32 Rs, Word32 Rt)"
Rd=neg(Rs):sat,Word32 Q6_R_neg_R_sat(Word32 Rs)
Rdd=neg(Rss),Word64 Q6_P_neg_P(Word64 Rss)
"Rd=cround(Rs,#u5)","Word32 Q6_R_cround_RI(Word32 Rs, Word32 Iu5)"
"Rd=cround(Rs,Rt)","Word32 Q6_R_cround_RR(Word32 Rs, Word32 Rt)"
"Rd=round(Rs,#u5)","Word32 Q6_R_round_RI(Word32 Rs, Word32 Iu5)"
"Rd=round(Rs,#u5):sat","Word32 Q6_R_round_RI_sat(Word32 Rs, Word32 Iu5)"
"Rd=round(Rs,Rt)","Word32 Q6_R_round_RR(Word32 Rs, Word32 Rt)"
"Rd=round(Rs,Rt):sat","Word32 Q6_R_round_RR_sat(Word32 Rs, Word32 Rt)"
Rd=round(Rss):sat,Word32 Q6_R_round_P_sat(Word64 Rss)
"Rdd=sub(Rtt,Rss)","Word64 Q6_P_sub_PP(Word64 Rtt, Word64 Rss)"
"Rx+=sub(Rt,Rs)","Word32 Q6_R_subacc_RR(Word32 Rx, Word32 Rt, Word32 Rs)"
"Rd=sub(Rt.H,Rs.H):<<16","Word32 Q6_R_sub_RhRh_s16(Word32 Rt, Word32 Rs)"
"Rd=sub(Rt.H,Rs.H):sat:<<16","Word32 Q6_R_sub_RhRh_sat_s16(Word32 Rt, Word32 Rs)"
"Rd=sub(Rt.H,Rs.L):<<16","Word32 Q6_R_sub_RhRl_s16(Word32 Rt, Word32 Rs)"
"Rd=sub(Rt.H,Rs.L):sat:<<16","Word32 Q6_R_sub_RhRl_sat_s16(Word32 Rt, Word32 Rs)"
"Rd=sub(Rt.L,Rs.H)","Word32 Q6_R_sub_RlRh(Word32 Rt, Word32 Rs)"
"Rd=sub(Rt.L,Rs.H):<<16","Word32 Q6_R_sub_RlRh_s16(Word32 Rt, Word32 Rs)"
"Rd=sub(Rt.L,Rs.H):sat","Word32 Q6_R_sub_RlRh_sat(Word32 Rt, Word32 Rs)"
"Rd=sub(Rt.L,Rs.H):sat:<<16","Word32 Q6_R_sub_RlRh_sat_s16(Word32 Rt, Word32 Rs)"
"Rd=sub(Rt.L,Rs.L)","Word32 Q6_R_sub_RlRl(Word32 Rt, Word32 Rs)"
"Rd=sub(Rt.L,Rs.L):<<16","Word32 Q6_R_sub_RlRl_s16(Word32 Rt, Word32 Rs)"
"Rd=sub(Rt.L,Rs.L):sat","Word32 Q6_R_sub_RlRl_sat(Word32 Rt, Word32 Rs)"
"Rd=sub(Rt.L,Rs.L):sat:<<16","Word32 Q6_R_sub_RlRl_sat_s16(Word32 Rt, Word32 Rs)"
Rdd=sxtw(Rs),Word64 Q6_P_sxtw_R(Word32 Rs)
Rdd=vabsh(Rss),Word64 Q6_P_vabsh_P(Word64 Rss)
Rdd=vabsh(Rss):sat,Word64 Q6_P_vabsh_P_sat(Word64 Rss)
Rdd=vabsw(Rss),Word64 Q6_P_vabsw_P(Word64 Rss)
Rdd=vabsw(Rss):sat,Word64 Q6_P_vabsw_P_sat(Word64 Rss)
"Rdd=vabsdiffb(Rtt,Rss)","Word64 Q6_P_vabsdiffb_PP(Word64 Rtt, Word64 Rss)"
"Rdd=vabsdiffub(Rtt,Rss)","Word64 Q6_P_vabsdiffub_PP(Word64 Rtt, Word64 Rss)"
"Rdd=vabsdiffh(Rtt,Rss)","Word64 Q6_P_vabsdiffh_PP(Word64 Rtt, Word64 Rss)"
"Rdd=vabsdiffw(Rtt,Rss)","Word64 Q6_P_vabsdiffw_PP(Word64 Rtt, Word64 Rss)"
"Rdd=vaddh(Rss,Rtt)","Word64 Q6_P_vaddh_PP(Word64 Rss, Word64 Rtt)"
"Rdd=vaddh(Rss,Rtt):sat","Word64 Q6_P_vaddh_PP_sat(Word64 Rss, Word64 Rtt)"
"Rdd=vadduh(Rss,Rtt):sat","Word64 Q6_P_vadduh_PP_sat(Word64 Rss, Word64 Rtt)"
"Rd=vaddhub(Rss,Rtt):sat","Word32 Q6_R_vaddhub_PP_sat(Word64 Rss, Word64 Rtt)"
"Rdd=vraddub(Rss,Rtt)","Word64 Q6_P_vraddub_PP(Word64 Rss, Word64 Rtt)"
"Rxx+=vraddub(Rss,Rtt)","Word64 Q6_P_vraddubacc_PP(Word64 Rxx, Word64"
"","Rss, Word64 Rtt)"
"Rd=vraddh(Rss,Rtt)","Word32 Q6_R_vraddh_PP(Word64 Rss, Word64 Rtt)"
"Rd=vradduh(Rss,Rtt)","Word32 Q6_R_vradduh_PP(Word64 Rss, Word64 Rtt)"
"Rdd=vaddb(Rss,Rtt)","Word64 Q6_P_vaddb_PP(Word64 Rss, Word64 Rtt)"
"Rdd=vaddub(Rss,Rtt)","Word64 Q6_P_vaddub_PP(Word64 Rss, Word64 Rtt)"
"Rdd=vaddub(Rss,Rtt):sat","Word64 Q6_P_vaddub_PP_sat(Word64 Rss, Word64 Rtt)"
"Rdd=vaddw(Rss,Rtt)","Word64 Q6_P_vaddw_PP(Word64 Rss, Word64 Rtt)"
"Rdd=vaddw(Rss,Rtt):sat","Word64 Q6_P_vaddw_PP_sat(Word64 Rss, Word64 Rtt)"
"Rdd=vavgh(Rss,Rtt)","Word64 Q6_P_vavgh_PP(Word64 Rss, Word64 Rtt)"
"Rdd=vavgh(Rss,Rtt):crnd","Word64 Q6_P_vavgh_PP_crnd(Word64 Rss, Word64 Rtt)"
"Rdd=vavgh(Rss,Rtt):rnd","Word64 Q6_P_vavgh_PP_rnd(Word64 Rss, Word64 Rtt)"
"Rdd=vavguh(Rss,Rtt)","Word64 Q6_P_vavguh_PP(Word64 Rss, Word64 Rtt)"
"Rdd=vavguh(Rss,Rtt):rnd","Word64 Q6_P_vavguh_PP_rnd(Word64 Rss, Word64 Rtt)"
"Rdd=vnavgh(Rtt,Rss)","Word64 Q6_P_vnavgh_PP(Word64 Rtt, Word64 Rss)"
"Rdd=vnavgh(Rtt,Rss):crnd:sat","Word64 Q6_P_vnavgh_PP_crnd_sat(Word64 Rtt, Word64"
"",Rss)
"Rdd=vnavgh(Rtt,Rss):rnd:sat","Word64 Q6_P_vnavgh_PP_rnd_sat(Word64 Rtt, Word64"
"",Rss)
"Rdd=vavgub(Rss,Rtt)","Word64 Q6_P_vavgub_PP(Word64 Rss, Word64 Rtt)"
"Rdd=vavgub(Rss,Rtt):rnd","Word64 Q6_P_vavgub_PP_rnd(Word64 Rss, Word64 Rtt)"
"Rdd=vavguw(Rss,Rtt)","Word64 Q6_P_vavguw_PP(Word64 Rss, Word64 Rtt)"
"Rdd=vavguw(Rss,Rtt):rnd","Word64 Q6_P_vavguw_PP_rnd(Word64 Rss, Word64"
"",Rtt)
"Rdd=vavgw(Rss,Rtt)","Word64 Q6_P_vavgw_PP(Word64 Rss, Word64 Rtt)"
"Rdd=vavgw(Rss,Rtt):crnd","Word64 Q6_P_vavgw_PP_crnd(Word64 Rss, Word64"
"",Rtt)
"Rdd=vavgw(Rss,Rtt):rnd","Word64 Q6_P_vavgw_PP_rnd(Word64 Rss, Word64 Rtt)"
"Rdd=vnavgw(Rtt,Rss)","Word64 Q6_P_vnavgw_PP(Word64 Rtt, Word64 Rss)"
"Rdd=vnavgw(Rtt,Rss):crnd:sat","Word64 Q6_P_vnavgw_PP_crnd_sat(Word64 Rtt,"
"",Word64 Rss)
"Rdd=vnavgw(Rtt,Rss):rnd:sat","Word64 Q6_P_vnavgw_PP_rnd_sat(Word64 Rtt, Word64"
"",Rss)
"Rdd=vcnegh(Rss,Rt)","Word64 Q6_P_vcnegh_PR(Word64 Rss, Word32 Rt)"
"Rxx+=vrcnegh(Rss,Rt)","Word64 Q6_P_vrcneghacc_PR(Word64 Rxx, Word64 Rss,"
"",Word32 Rt)
"Rdd=vmaxb(Rtt,Rss)","Word64 Q6_P_vmaxb_PP(Word64 Rtt, Word64 Rss)"
"Rdd=vmaxub(Rtt,Rss)","Word64 Q6_P_vmaxub_PP(Word64 Rtt, Word64 Rss)"
"Rdd=vmaxh(Rtt,Rss)","Word64 Q6_P_vmaxh_PP(Word64 Rtt, Word64 Rss)"
"Rdd=vmaxuh(Rtt,Rss)","Word64 Q6_P_vmaxuh_PP(Word64 Rtt, Word64 Rss)"
"Rxx=vrmaxh(Rss,Ru)","Word64 Q6_P_vrmaxh_PR(Word64 Rxx, Word64 Rss,"
"",Word32 Ru)
"Rxx=vrmaxuh(Rss,Ru)","Word64 Q6_P_vrmaxuh_PR(Word64 Rxx, Word64 Rss,"
"",Word32 Ru)
"Rxx=vrmaxuw(Rss,Ru)","Word64 Q6_P_vrmaxuw_PR(Word64 Rxx, Word64 Rss,"
"",Word32 Ru)
"Rxx=vrmaxw(Rss,Ru)","Word64 Q6_P_vrmaxw_PR(Word64 Rxx, Word64 Rss,"
"",Word32 Ru)
"Rdd=vmaxuw(Rtt,Rss)","Word64 Q6_P_vmaxuw_PP(Word64 Rtt, Word64 Rss)"
"Rdd=vmaxw(Rtt,Rss)","Word64 Q6_P_vmaxw_PP(Word64 Rtt, Word64 Rss)"
"Rdd=vminb(Rtt,Rss)","Word64 Q6_P_vminb_PP(Word64 Rtt, Word64 Rss)"
"Rdd=vminub(Rtt,Rss)","Word64 Q6_P_vminub_PP(Word64 Rtt, Word64 Rss)"
"Rdd=vminh(Rtt,Rss)","Word64 Q6_P_vminh_PP(Word64 Rtt, Word64 Rss)"
"Rdd=vminuh(Rtt,Rss)","Word64 Q6_P_vminuh_PP(Word64 Rtt, Word64 Rss)"
"Rxx=vrminh(Rss,Ru)","Word64 Q6_P_vrminh_PR(Word64 Rxx, Word64 Rss,"
"",Word32 Ru)
"Rxx=vrminuh(Rss,Ru)","Word64 Q6_P_vrminuh_PR(Word64 Rxx, Word64 Rss,"
"",Word32 Ru)
"Rxx=vrminuw(Rss,Ru)","Word64 Q6_P_vrminuw_PR(Word64 Rxx, Word64 Rss,"
"",Word32 Ru)
"Rxx=vrminw(Rss,Ru)","Word64 Q6_P_vrminw_PR(Word64 Rxx, Word64 Rss,"
"",Word32 Ru)
"Rdd=vminuw(Rtt,Rss)","Word64 Q6_P_vminuw_PP(Word64 Rtt, Word64 Rss)"
"Rdd=vminw(Rtt,Rss)","Word64 Q6_P_vminw_PP(Word64 Rtt, Word64 Rss)"
"Rdd=vrsadub(Rss,Rtt)","Word64 Q6_P_vrsadub_PP(Word64 Rss, Word64 Rtt)"
"Rxx+=vrsadub(Rss,Rtt)","Word64 Q6_P_vrsadubacc_PP(Word64 Rxx, Word64"
"","Rss, Word64 Rtt)"
"Rdd=vsubh(Rtt,Rss)","Word64 Q6_P_vsubh_PP(Word64 Rtt, Word64 Rss)"
"Rdd=vsubh(Rtt,Rss):sat","Word64 Q6_P_vsubh_PP_sat(Word64 Rtt, Word64 Rss)"
"Rdd=vsubuh(Rtt,Rss):sat","Word64 Q6_P_vsubuh_PP_sat(Word64 Rtt, Word64 Rss)"
"Rdd=vsubb(Rss,Rtt)","Word64 Q6_P_vsubb_PP(Word64 Rss, Word64 Rtt)"
"Rdd=vsubub(Rtt,Rss)","Word64 Q6_P_vsubub_PP(Word64 Rtt, Word64 Rss)"
"Rdd=vsubub(Rtt,Rss):sat","Word64 Q6_P_vsubub_PP_sat(Word64 Rtt, Word64 Rss)"
"Rdd=vsubw(Rtt,Rss)","Word64 Q6_P_vsubw_PP(Word64 Rtt, Word64 Rss)"
"Rdd=vsubw(Rtt,Rss):sat","Word64 Q6_P_vsubw_PP_sat(Word64 Rtt, Word64 Rss)"
"Rd=add(clb(Rs),#s6)","Word32 Q6_R_add_clb_RI(Word32 Rs, Word32 Is6)"
"Rd=add(clb(Rss),#s6)","Word32 Q6_R_add_clb_PI(Word64 Rss, Word32 Is6)"
Rd=cl0(Rs),Word32 Q6_R_cl0_R(Word32 Rs)
Rd=cl0(Rss),Word32 Q6_R_cl0_P(Word64 Rss)
Rd=cl1(Rs),Word32 Q6_R_cl1_R(Word32 Rs)
Rd=cl1(Rss),Word32 Q6_R_cl1_P(Word64 Rss)
Rd=clb(Rs),Word32 Q6_R_clb_R(Word32 Rs)
Rd=clb(Rss),Word32 Q6_R_clb_P(Word64 Rss)
Rd=normamt(Rs),Word32 Q6_R_normamt_R(Word32 Rs)
Rd=normamt(Rss),Word32 Q6_R_normamt_P(Word64 Rss)
Rd=popcount(Rss),Word32 Q6_R_popcount_P(Word64 Rss)
Rd=ct0(Rs),Word32 Q6_R_ct0_R(Word32 Rs)
Rd=ct0(Rss),Word32 Q6_R_ct0_P(Word64 Rss)
Rd=ct1(Rs),Word32 Q6_R_ct1_R(Word32 Rs)
Rd=ct1(Rss),Word32 Q6_R_ct1_P(Word64 Rss)
"Rd=extract(Rs,#u5,#U5)","Word32 Q6_R_extract_RII(Word32 Rs, Word32 Iu5,"
"",Word32 IU5)
"Rd=extract(Rs,Rtt)","Word32 Q6_R_extract_RP(Word32 Rs, Word64 Rtt)"
"Rd=extractu(Rs,#u5,#U5)","Word32 Q6_R_extractu_RII(Word32 Rs, Word32 Iu5,"
"",Word32 IU5)
"Rd=extractu(Rs,Rtt)","Word32 Q6_R_extractu_RP(Word32 Rs, Word64 Rtt)"
"Rdd=extract(Rss,#u6,#U6)","Word64 Q6_P_extract_PII(Word64 Rss, Word32 Iu6,"
"",Word32 IU6)
"Rdd=extract(Rss,Rtt)","Word64 Q6_P_extract_PP(Word64 Rss, Word64 Rtt)"
"Rdd=extractu(Rss,#u6,#U6)","Word64 Q6_P_extractu_PII(Word64 Rss, Word32 Iu6,"
"",Word32 IU6)
"Rdd=extractu(Rss,Rtt)","Word64 Q6_P_extractu_PP(Word64 Rss, Word64 Rtt)"
"Rx=insert(Rs,#u5,#U5)","Word32 Q6_R_insert_RII(Word32 Rx, Word32 Rs,"
"","Word32 Iu5, Word32 IU5)"
"Rx=insert(Rs,Rtt)","Word32 Q6_R_insert_RP(Word32 Rx, Word32 Rs,"
"",Word64 Rtt)
"Rxx=insert(Rss,#u6,#U6)","Word64 Q6_P_insert_PII(Word64 Rxx, Word64 Rss,"
"","Word32 Iu6, Word32 IU6)"
"Rxx=insert(Rss,Rtt)","Word64 Q6_P_insert_PP(Word64 Rxx, Word64 Rss,"
"",Word64 Rtt)
Rdd=deinterleave(Rss),Word64 Q6_P_deinterleave_P(Word64 Rss)
Rdd=interleave(Rss),Word64 Q6_P_interleave_P(Word64 Rss)
"Rdd=lfs(Rss,Rtt)","Word64 Q6_P_lfs_PP(Word64 Rss, Word64 Rtt)"
"Rd=parity(Rs,Rt)","Word32 Q6_R_parity_RR(Word32 Rs, Word32 Rt)"
"Rd=parity(Rss,Rtt)","Word32 Q6_R_parity_PP(Word64 Rss, Word64 Rtt)"
Rd=brev(Rs),Word32 Q6_R_brev_R(Word32 Rs)
Rdd=brev(Rss),Word64 Q6_P_brev_P(Word64 Rss)
"Rd=clrbit(Rs,#u5)","Word32 Q6_R_clrbit_RI(Word32 Rs, Word32 Iu5)"
"Rd=clrbit(Rs,Rt)","Word32 Q6_R_clrbit_RR(Word32 Rs, Word32 Rt)"
"Rd=setbit(Rs,#u5)","Word32 Q6_R_setbit_RI(Word32 Rs, Word32 Iu5)"
"Rd=setbit(Rs,Rt)","Word32 Q6_R_setbit_RR(Word32 Rs, Word32 Rt)"
"Rd=togglebit(Rs,#u5)","Word32 Q6_R_togglebit_RI(Word32 Rs, Word32 Iu5)"
"Rd=togglebit(Rs,Rt)","Word32 Q6_R_togglebit_RR(Word32 Rs, Word32 Rt)"
"Rdd=bitsplit(Rs,#u5)","Word64 Q6_P_bitsplit_RI(Word32 Rs, Word32 Iu5)"
"Rdd=bitsplit(Rs,Rt)","Word64 Q6_P_bitsplit_RR(Word32 Rs, Word32 Rt)"
"Rx=tableidxb(Rs,#u4,#U5)","Word32 Q6_R_tableidxb_RII(Word32 Rx, Word32 Rs,"
"","Word32 Iu4, Word32 IU5)"
"Rx=tableidxd(Rs,#u4,#U5)","Word32 Q6_R_tableidxd_RII(Word32 Rx, Word32 Rs,"
"","Word32 Iu4, Word32 IU5)"
"Rx=tableidxh(Rs,#u4,#U5)","Word32 Q6_R_tableidxh_RII(Word32 Rx, Word32 Rs,"
"","Word32 Iu4, Word32 IU5)"
"Rx=tableidxw(Rs,#u4,#U5)","Word32 Q6_R_tableidxw_RII(Word32 Rx, Word32 Rs,"
"","Word32 Iu4, Word32 IU5)"
"Rdd=vxaddsubh(Rss,Rtt):rnd:>>1:","Word64 Q6_P_vxaddsubh_PP_rnd_rs1_sat(Word64 Rss,"
sat,Word64 Rtt)
"Rdd=vxaddsubh(Rss,Rtt):sat","Word64 Q6_P_vxaddsubh_PP_sat(Word64 Rss, Word64"
"",Rtt)
"Rdd=vxsubaddh(Rss,Rtt):rnd:>>1:","Word64 Q6_P_vxsubaddh_PP_rnd_rs1_sat(Word64 Rss,"
sat,Word64 Rtt)
"Rdd=vxsubaddh(Rss,Rtt):sat","Word64 Q6_P_vxsubaddh_PP_sat(Word64 Rss, Word64"
"",Rtt)
"Rdd=vxaddsubw(Rss,Rtt):sat","Word64 Q6_P_vxaddsubw_PP_sat(Word64 Rss, Word64"
"",Rtt)
"Rdd=vxsubaddw(Rss,Rtt):sat","Word64 Q6_P_vxsubaddw_PP_sat(Word64 Rss, Word64"
"",Rtt)
"Rdd=cmpy(Rs,Rt):<<1:sat","Word64 Q6_P_cmpy_RR_s1_sat(Word32 Rs, Word32 Rt)"
"Rdd=cmpy(Rs,Rt):sat","Word64 Q6_P_cmpy_RR_sat(Word32 Rs, Word32 Rt)"
"Rdd=cmpy(Rs,Rt*):<<1:sat","Word64 Q6_P_cmpy_RR_conj_s1_sat(Word32 Rs,"
"",Word32 Rt)
"Rdd=cmpy(Rs,Rt*):sat","Word64 Q6_P_cmpy_RR_conj_sat(Word32 Rs, Word32"
"",Rt)
"Rxx+=cmpy(Rs,Rt):<<1:sat","Word64 Q6_P_cmpyacc_RR_s1_sat(Word64 Rxx, Word32"
"","Rs, Word32 Rt)"
"Rxx+=cmpy(Rs,Rt):sat","Word64 Q6_P_cmpyacc_RR_sat(Word64 Rxx, Word32"
"","Rs, Word32 Rt)"
"Rxx+=cmpy(Rs,Rt*):<<1:sat","Word64 Q6_P_cmpyacc_RR_conj_s1_sat(Word64 Rxx,"
"","Word32 Rs, Word32 Rt)"
"Rxx+=cmpy(Rs,Rt*):sat","Word64 Q6_P_cmpyacc_RR_conj_sat(Word64 Rxx,"
"","Word32 Rs, Word32 Rt)"
"Rxx-=cmpy(Rs,Rt):<<1:sat","Word64 Q6_P_cmpynac_RR_s1_sat(Word64 Rxx, Word32"
"","Rs, Word32 Rt)"
"Rxx-=cmpy(Rs,Rt):sat","Word64 Q6_P_cmpynac_RR_sat(Word64 Rxx, Word32"
"","Rs, Word32 Rt)"
"Rxx-=cmpy(Rs,Rt*):<<1:sat","Word64 Q6_P_cmpynac_RR_conj_s1_sat(Word64 Rxx,"
"","Word32 Rs, Word32 Rt)"
"Rxx-=cmpy(Rs,Rt*):sat","Word64 Q6_P_cmpynac_RR_conj_sat(Word64 Rxx,"
"","Word32 Rs, Word32 Rt)"
"Rdd=cmpyi(Rs,Rt)","Word64 Q6_P_cmpyi_RR(Word32 Rs, Word32 Rt)"
"Rdd=cmpyr(Rs,Rt)","Word64 Q6_P_cmpyr_RR(Word32 Rs, Word32 Rt)"
"Rxx+=cmpyi(Rs,Rt)","Word64 Q6_P_cmpyiacc_RR(Word64 Rxx, Word32 Rs, Word32"
"",Rt)
"Rxx+=cmpyr(Rs,Rt)","Word64 Q6_P_cmpyracc_RR(Word64 Rxx, Word32 Rs, Word32"
"",Rt)
"Rd=cmpy(Rs,Rt):<<1:rnd:sat","Word32 Q6_R_cmpy_RR_s1_rnd_sat(Word32 Rs, Word32"
"",Rt)
"Rd=cmpy(Rs,Rt):rnd:sat","Word32 Q6_R_cmpy_RR_rnd_sat(Word32 Rs, Word32"
"",Rt)
"Rd=cmpy(Rs,Rt*):<<1:rnd:sat","Word32 Q6_R_cmpy_RR_conj_s1_rnd_sat(Word32 Rs,"
"",Word32 Rt)
"Rd=cmpy(Rs,Rt*):rnd:sat","Word32 Q6_R_cmpy_RR_conj_rnd_sat(Word32 Rs,"
"",Word32 Rt)
"Rd=cmpyiwh(Rss,Rt):<<1:rnd:sat","Word32 Q6_R_cmpyiwh_PR_s1_rnd_sat(Word64 Rss,"
"",Word32 Rt)
"Rd=cmpyiwh(Rss,Rt*):<<1:rnd:sat",Word32 Q6_R_cmpyiwh_PR_conj_s1_rnd_sat(Word64
"","Rss, Word32 Rt)"
"Rd=cmpyrwh(Rss,Rt):<<1:rnd:sat","Word32 Q6_R_cmpyrwh_PR_s1_rnd_sat(Word64 Rss,"
"",Word32 Rt)
"Rd=cmpyrwh(Rss,Rt*):<<1:rnd:sat",Word32 Q6_R_cmpyrwh_PR_conj_s1_rnd_sat(Word64
"","Rss, Word32 Rt)"
"Rdd=vcmpyi(Rss,Rtt):<<1:sat","Word64 Q6_P_vcmpyi_PP_s1_sat(Word64 Rss, Word64"
"",Rtt)
"Rdd=vcmpyi(Rss,Rtt):sat","Word64 Q6_P_vcmpyi_PP_sat(Word64 Rss, Word64 Rtt)"
"Rdd=vcmpyr(Rss,Rtt):<<1:sat","Word64 Q6_P_vcmpyr_PP_s1_sat(Word64 Rss, Word64"
"",Rtt)
"Rdd=vcmpyr(Rss,Rtt):sat","Word64 Q6_P_vcmpyr_PP_sat(Word64 Rss, Word64 Rtt)"
"Rxx+=vcmpyi(Rss,Rtt):sat","Word64 Q6_P_vcmpyiacc_PP_sat(Word64 Rxx, Word64"
"","Rss, Word64 Rtt)"
"Rxx+=vcmpyr(Rss,Rtt):sat","Word64 Q6_P_vcmpyracc_PP_sat(Word64 Rxx, Word64"
"","Rss, Word64 Rtt)"
Rdd=vconj(Rss):sat,Word64 Q6_P_vconj_P_sat(Word64 Rss)
"Rdd=vcrotate(Rss,Rt)","Word64 Q6_P_vcrotate_PR(Word64 Rss, Word32 Rt)"
"Rdd=vrcmpyi(Rss,Rtt)","Word64 Q6_P_vrcmpyi_PP(Word64 Rss, Word64 Rtt)"
"Rdd=vrcmpyi(Rss,Rtt*)","Word64 Q6_P_vrcmpyi_PP_conj(Word64 Rss, Word64 Rtt)"
"Rdd=vrcmpyr(Rss,Rtt)","Word64 Q6_P_vrcmpyr_PP(Word64 Rss, Word64 Rtt)"
"Rdd=vrcmpyr(Rss,Rtt*)","Word64 Q6_P_vrcmpyr_PP_conj(Word64 Rss, Word64 Rtt)"
"Rxx+=vrcmpyi(Rss,Rtt)","Word64 Q6_P_vrcmpyiacc_PP(Word64 Rxx, Word64 Rss,"
"",Word64 Rtt)
"Rxx+=vrcmpyi(Rss,Rtt*)","Word64 Q6_P_vrcmpyiacc_PP_conj(Word64 Rxx, Word64"
"","Rss, Word64 Rtt)"
"Rxx+=vrcmpyr(Rss,Rtt)","Word64 Q6_P_vrcmpyracc_PP(Word64 Rxx, Word64 Rss,"
"",Word64 Rtt)
"Rxx+=vrcmpyr(Rss,Rtt*)","Word64 Q6_P_vrcmpyracc_PP_conj(Word64 Rxx, Word64"
"","Rss, Word64 Rtt)"
"Rdd=vrcmpys(Rss,Rt):<<1:sat","Word64 Q6_P_vrcmpys_PR_s1_sat(Word64 Rss, Word32"
"",Rt)
"Rxx+=vrcmpys(Rss,Rt):<<1:sat","Word64 Q6_P_vrcmpysacc_PR_s1_sat(Word64 Rxx,"
"","Word64 Rss, Word32 Rt)"
"Rd=vrcmpys(Rss,Rt):<<1:rnd:sat","Word32 Q6_R_vrcmpys_PR_s1_rnd_sat(Word64 Rss,"
"",Word32 Rt)
"Rdd=vrcrotate(Rss,Rt,#u2)","Word64 Q6_P_vrcrotate_PRI(Word64 Rss, Word32 Rt,"
"",Word32 Iu2)
"Rxx+=vrcrotate(Rss,Rt,#u2)","Word64 Q6_P_vrcrotateacc_PRI(Word64 Rxx, Word64"
"","Rss, Word32 Rt, Word32 Iu2)"
"Rd=sfadd(Rs,Rt)","Word32 Q6_R_sfadd_RR(Word32 Rs, Word32 Rt)"
"Pd=dfclass(Rss,#u5)","Byte Q6_p_dfclass_PI(Word64 Rss, Word32 Iu5)"
"Pd=sfclass(Rs,#u5)","Byte Q6_p_sfclass_RI(Word32 Rs, Word32 Iu5)"
"Pd=dfcmp.eq(Rss,Rtt)","Byte Q6_p_dfcmp_eq_PP(Word64 Rss, Word64 Rtt)"
"Pd=dfcmp.ge(Rss,Rtt)","Byte Q6_p_dfcmp_ge_PP(Word64 Rss, Word64 Rtt)"
"Pd=dfcmp.gt(Rss,Rtt)","Byte Q6_p_dfcmp_gt_PP(Word64 Rss, Word64 Rtt)"
"Pd=dfcmp.uo(Rss,Rtt)","Byte Q6_p_dfcmp_uo_PP(Word64 Rss, Word64 Rtt)"
"Pd=sfcmp.eq(Rs,Rt)","Byte Q6_p_sfcmp_eq_RR(Word32 Rs, Word32 Rt)"
"Pd=sfcmp.ge(Rs,Rt)","Byte Q6_p_sfcmp_ge_RR(Word32 Rs, Word32 Rt)"
"Pd=sfcmp.gt(Rs,Rt)","Byte Q6_p_sfcmp_gt_RR(Word32 Rs, Word32 Rt)"
"Pd=sfcmp.uo(Rs,Rt)","Byte Q6_p_sfcmp_uo_RR(Word32 Rs, Word32 Rt)"
Rd=convert_df2sf(Rss),Word32 Q6_R_convert_df2sf_P(Word64 Rss)
Rdd=convert_sf2df(Rs),Word64 Q6_P_convert_sf2df_R(Word32 Rs)
Rd=convert_d2sf(Rss),Word32 Q6_R_convert_d2sf_P(Word64 Rss)
Rd=convert_ud2sf(Rss),Word32 Q6_R_convert_ud2sf_P(Word64 Rss)
Rd=convert_uw2sf(Rs),Word32 Q6_R_convert_uw2sf_R(Word32 Rs)
Rd=convert_w2sf(Rs),Word32 Q6_R_convert_w2sf_R(Word32 Rs)
Rdd=convert_d2df(Rss),Word64 Q6_P_convert_d2df_P(Word64 Rss)
Rdd=convert_ud2df(Rss),Word64 Q6_P_convert_ud2df_P(Word64 Rss)
Rdd=convert_uw2df(Rs),Word64 Q6_P_convert_uw2df_R(Word32 Rs)
Rdd=convert_w2df(Rs),Word64 Q6_P_convert_w2df_R(Word32 Rs)
Rd=convert_df2uw(Rss),Word32 Q6_R_convert_df2uw_P(Word64 Rss)
Rd=convert_df2uw(Rss):chop,Word32 Q6_R_convert_df2uw_P_chop(Word64 Rss)
Rd=convert_df2w(Rss),Word32 Q6_R_convert_df2w_P(Word64 Rss)
Rd=convert_df2w(Rss):chop,Word32 Q6_R_convert_df2w_P_chop(Word64 Rss)
Rd=convert_sf2uw(Rs),Word32 Q6_R_convert_sf2uw_R(Word32 Rs)
Rd=convert_sf2uw(Rs):chop,Word32 Q6_R_convert_sf2uw_R_chop(Word32 Rs)
Rd=convert_sf2w(Rs),Word32 Q6_R_convert_sf2w_R(Word32 Rs)
Rd=convert_sf2w(Rs):chop,Word32 Q6_R_convert_sf2w_R_chop(Word32 Rs)
Rdd=convert_df2d(Rss),Word64 Q6_P_convert_df2d_P(Word64 Rss)
Rdd=convert_df2d(Rss):chop,Word64 Q6_P_convert_df2d_P_chop(Word64 Rss)
Rdd=convert_df2ud(Rss),Word64 Q6_P_convert_df2ud_P(Word64 Rss)
Rdd=convert_df2ud(Rss):chop,Word64 Q6_P_convert_df2ud_P_chop(Word64 Rss)
Rdd=convert_sf2d(Rs),Word64 Q6_P_convert_sf2d_R(Word32 Rs)
Rdd=convert_sf2d(Rs):chop,Word64 Q6_P_convert_sf2d_R_chop(Word32 Rs)
Rdd=convert_sf2ud(Rs),Word64 Q6_P_convert_sf2ud_R(Word32 Rs)
Rdd=convert_sf2ud(Rs):chop,Word64 Q6_P_convert_sf2ud_R_chop(Word32 Rs)
"Rd=sffixupd(Rs,Rt)","Word32 Q6_R_sffixupd_RR(Word32 Rs, Word32 Rt)"
"Rd=sffixupn(Rs,Rt)","Word32 Q6_R_sffixupn_RR(Word32 Rs, Word32 Rt)"
Rd=sffixupr(Rs),Word32 Q6_R_sffixupr_R(Word32 Rs)
"Rx+=sfmpy(Rs,Rt)","Word32 Q6_R_sfmpyacc_RR(Word32 Rx, Word32 Rs, Word32 Rt)"
"Rx-=sfmpy(Rs,Rt)","Word32 Q6_R_sfmpynac_RR(Word32 Rx, Word32 Rs, Word32 Rt)"
"Rx+=sfmpy(Rs,Rt,Pu):scale","Word32 Q6_R_sfmpyacc_RRp_scale(Word32 Rx, Word32"
"","Rs, Word32 Rt, Byte Pu)"
"Rx+=sfmpy(Rs,Rt):lib","Word32 Q6_R_sfmpyacc_RR_lib(Word32 Rx, Word32"
"","Rs, Word32 Rt)"
"Rx-=sfmpy(Rs,Rt):lib","Word32 Q6_R_sfmpynac_RR_lib(Word32 Rx, Word32"
"","Rs, Word32 Rt)"
Rd=sfmake(#u10):neg,Word32 Q6_R_sfmake_I_neg(Word32 Iu10)
Rd=sfmake(#u10):pos,Word32 Q6_R_sfmake_I_pos(Word32 Iu10)
Rdd=dfmake(#u10):neg,Word64 Q6_P_dfmake_I_neg(Word32 Iu10)
Rdd=dfmake(#u10):pos,Word64 Q6_P_dfmake_I_pos(Word32 Iu10)
"Rd=sfmax(Rs,Rt)","Word32 Q6_R_sfmax_RR(Word32 Rs, Word32 Rt)"
"Rd=sfmin(Rs,Rt)","Word32 Q6_R_sfmin_RR(Word32 Rs, Word32 Rt)"
"Rd=sfmpy(Rs,Rt)","Word32 Q6_R_sfmpy_RR(Word32 Rs, Word32 Rt)"
"Rd=sfsub(Rs,Rt)","Word32 Q6_R_sfsub_RR(Word32 Rs, Word32 Rt)"
"Rd=add(#u6,mpyi(Rs,#U6))","Word32 Q6_R_add_mpyi_IRI(Word32 Iu6, Word32 Rs,"
"",Word32 IU6)
"Rd=add(#u6,mpyi(Rs,Rt))","Word32 Q6_R_add_mpyi_IRR(Word32 Iu6, Word32 Rs,"
"",Word32 Rt)
"Rd=add(Ru,mpyi(#u6:2,Rs))","Word32 Q6_R_add_mpyi_RIR(Word32 Ru, Word32"
"","Iu6_2, Word32 Rs)"
"Rd=add(Ru,mpyi(Rs,#u6))","Word32 Q6_R_add_mpyi_RRI(Word32 Ru, Word32 Rs,"
"",Word32 Iu6)
"Rd=mpyi(Rs,#m9)","Word32 Q6_R_mpyi_RI(Word32 Rs, Word32 Im9)"
"Rd=mpyi(Rs,Rt)","Word32 Q6_R_mpyi_RR(Word32 Rs, Word32 Rt)"
"Rd=mpyui(Rs,Rt)","Word32 Q6_R_mpyui_RR(Word32 Rs, Word32 Rt)"
"Rx+=mpyi(Rs,#u8)","Word32 Q6_R_mpyiacc_RI(Word32 Rx, Word32 Rs,"
"",Word32 Iu8)
"Rx+=mpyi(Rs,Rt)","Word32 Q6_R_mpyiacc_RR(Word32 Rx, Word32 Rs,"
"",Word32 Rt)
"Rx-=mpyi(Rs,#u8)","Word32 Q6_R_mpyinac_RI(Word32 Rx, Word32 Rs,"
"",Word32 Iu8)
"Ry=add(Ru,mpyi(Ry,Rs))","Word32 Q6_R_add_mpyi_RRR(Word32 Ru, Word32 Ry,"
"",Word32 Rs)
"Rdd=vmpyweh(Rss,Rtt):<<1:rnd:sa","Word64 Q6_P_vmpyweh_PP_s1_rnd_sat(Word64 Rss,"
t,Word64 Rtt)
"Rdd=vmpyweh(Rss,Rtt):<<1:sat","Word64 Q6_P_vmpyweh_PP_s1_sat(Word64 Rss, Word64"
"",Rtt)
"Rdd=vmpyweh(Rss,Rtt):rnd:sat","Word64 Q6_P_vmpyweh_PP_rnd_sat(Word64 Rss,"
"",Word64 Rtt)
"Rdd=vmpyweh(Rss,Rtt):sat","Word64 Q6_P_vmpyweh_PP_sat(Word64 Rss, Word64"
"",Rtt)
"Rdd=vmpywoh(Rss,Rtt):<<1:rnd:sa","Word64 Q6_P_vmpywoh_PP_s1_rnd_sat(Word64 Rss,"
t,Word64 Rtt)
"Rdd=vmpywoh(Rss,Rtt):<<1:sat","Word64 Q6_P_vmpywoh_PP_s1_sat(Word64 Rss, Word64"
"",Rtt)
"Rdd=vmpywoh(Rss,Rtt):rnd:sat","Word64 Q6_P_vmpywoh_PP_rnd_sat(Word64 Rss,"
"",Word64 Rtt)
"Rdd=vmpywoh(Rss,Rtt):sat","Word64 Q6_P_vmpywoh_PP_sat(Word64 Rss, Word64"
"",Rtt)
"Rxx+=vmpyweh(Rss,Rtt):<<1:rnd:s","Word64 Q6_P_vmpywehacc_PP_s1_rnd_sat(Word64 Rxx,"
at,"Word64 Rss, Word64 Rtt)"
"Rxx+=vmpyweh(Rss,Rtt):<<1:sat","Word64 Q6_P_vmpywehacc_PP_s1_sat(Word64 Rxx,"
"","Word64 Rss, Word64 Rtt)"
"Rxx+=vmpyweh(Rss,Rtt):rnd:sat","Word64 Q6_P_vmpywehacc_PP_rnd_sat(Word64 Rxx,"
"","Word64 Rss, Word64 Rtt)"
"Rxx+=vmpyweh(Rss,Rtt):sat","Word64 Q6_P_vmpywehacc_PP_sat(Word64 Rxx, Word64"
"","Rss, Word64 Rtt)"
"Rxx+=vmpywoh(Rss,Rtt):<<1:rnd:s","Word64 Q6_P_vmpywohacc_PP_s1_rnd_sat(Word64 Rxx,"
at,"Word64 Rss, Word64 Rtt)"
"Rxx+=vmpywoh(Rss,Rtt):<<1:sat","Word64 Q6_P_vmpywohacc_PP_s1_sat(Word64 Rxx,"
"","Word64 Rss, Word64 Rtt)"
"Rxx+=vmpywoh(Rss,Rtt):rnd:sat","Word64 Q6_P_vmpywohacc_PP_rnd_sat(Word64 Rxx,"
"","Word64 Rss, Word64 Rtt)"
"Rxx+=vmpywoh(Rss,Rtt):sat","Word64 Q6_P_vmpywohacc_PP_sat(Word64 Rxx, Word64"
"","Rss, Word64 Rtt)"
"Rdd=vmpyweuh(Rss,Rtt):<<1:rnd:s","Word64 Q6_P_vmpyweuh_PP_s1_rnd_sat(Word64 Rss,"
at,Word64 Rtt)
"Rdd=vmpyweuh(Rss,Rtt):<<1:sat","Word64 Q6_P_vmpyweuh_PP_s1_sat(Word64 Rss,"
"",Word64 Rtt)
"Rdd=vmpyweuh(Rss,Rtt):rnd:sat","Word64 Q6_P_vmpyweuh_PP_rnd_sat(Word64 Rss,"
"",Word64 Rtt)
"Rdd=vmpyweuh(Rss,Rtt):sat","Word64 Q6_P_vmpyweuh_PP_sat(Word64 Rss, Word64"
"",Rtt)
"Rdd=vmpywouh(Rss,Rtt):<<1:rnd:s","Word64 Q6_P_vmpywouh_PP_s1_rnd_sat(Word64 Rss,"
at,Word64 Rtt)
"Rdd=vmpywouh(Rss,Rtt):<<1:sat","Word64 Q6_P_vmpywouh_PP_s1_sat(Word64 Rss,"
"",Word64 Rtt)
"Rdd=vmpywouh(Rss,Rtt):rnd:sat","Word64 Q6_P_vmpywouh_PP_rnd_sat(Word64 Rss,"
"",Word64 Rtt)
"Rdd=vmpywouh(Rss,Rtt):sat","Word64 Q6_P_vmpywouh_PP_sat(Word64 Rss, Word64"
"",Rtt)
"Rxx+=vmpyweuh(Rss,Rtt):<<1:rnd:",Word64 Q6_P_vmpyweuhacc_PP_s1_rnd_sat(Word64
sat,"Rxx, Word64 Rss, Word64 Rtt)"
"Rxx+=vmpyweuh(Rss,Rtt):<<1:sat","Word64 Q6_P_vmpyweuhacc_PP_s1_sat(Word64 Rxx,"
"","Word64 Rss, Word64 Rtt)"
"Rxx+=vmpyweuh(Rss,Rtt):rnd:sat","Word64 Q6_P_vmpyweuhacc_PP_rnd_sat(Word64 Rxx,"
"","Word64 Rss, Word64 Rtt)"
"Rxx+=vmpyweuh(Rss,Rtt):sat","Word64 Q6_P_vmpyweuhacc_PP_sat(Word64 Rxx,"
"","Word64 Rss, Word64 Rtt)"
"Rxx+=vmpywouh(Rss,Rtt):<<1:rnd:",Word64 Q6_P_vmpywouhacc_PP_s1_rnd_sat(Word64
sat,"Rxx, Word64 Rss, Word64 Rtt)"
"Rxx+=vmpywouh(Rss,Rtt):<<1:sat","Word64 Q6_P_vmpywouhacc_PP_s1_sat(Word64 Rxx,"
"","Word64 Rss, Word64 Rtt)"
"Rxx+=vmpywouh(Rss,Rtt):rnd:sat","Word64 Q6_P_vmpywouhacc_PP_rnd_sat(Word64 Rxx,"
"","Word64 Rss, Word64 Rtt)"
"Rxx+=vmpywouh(Rss,Rtt):sat","Word64 Q6_P_vmpywouhacc_PP_sat(Word64 Rxx,"
"","Word64 Rss, Word64 Rtt)"
"Rd=mpy(Rs.H,Rt.H)","Word32 Q6_R_mpy_RhRh(Word32 Rs, Word32 Rt)"
"Rd=mpy(Rs.H,Rt.H):<<1","Word32 Q6_R_mpy_RhRh_s1(Word32 Rs, Word32 Rt)"
"Rd=mpy(Rs.H,Rt.H):<<1:rnd","Word32 Q6_R_mpy_RhRh_s1_rnd(Word32 Rs, Word32"
"",Rt)
"Rd=mpy(Rs.H,Rt.H):<<1:rnd:sat","Word32 Q6_R_mpy_RhRh_s1_rnd_sat(Word32 Rs,"
"",Word32 Rt)
"Rd=mpy(Rs.H,Rt.H):<<1:sat","Word32 Q6_R_mpy_RhRh_s1_sat(Word32 Rs, Word32"
"",Rt)
"Rd=mpy(Rs.H,Rt.H):rnd","Word32 Q6_R_mpy_RhRh_rnd(Word32 Rs, Word32 Rt)"
"Rd=mpy(Rs.H,Rt.H):rnd:sat","Word32 Q6_R_mpy_RhRh_rnd_sat(Word32 Rs, Word32"
"",Rt)
"Rd=mpy(Rs.H,Rt.H):sat","Word32 Q6_R_mpy_RhRh_sat(Word32 Rs, Word32 Rt)"
"Rd=mpy(Rs.H,Rt.L)","Word32 Q6_R_mpy_RhRl(Word32 Rs, Word32 Rt)"
"Rd=mpy(Rs.H,Rt.L):<<1","Word32 Q6_R_mpy_RhRl_s1(Word32 Rs, Word32 Rt)"
"Rd=mpy(Rs.H,Rt.L):<<1:rnd","Word32 Q6_R_mpy_RhRl_s1_rnd(Word32 Rs, Word32"
"",Rt)
"Rd=mpy(Rs.H,Rt.L):<<1:rnd:sat","Word32 Q6_R_mpy_RhRl_s1_rnd_sat(Word32 Rs,"
"",Word32 Rt)
"Rd=mpy(Rs.H,Rt.L):<<1:sat","Word32 Q6_R_mpy_RhRl_s1_sat(Word32 Rs, Word32"
"",Rt)
"Rd=mpy(Rs.H,Rt.L):rnd","Word32 Q6_R_mpy_RhRl_rnd(Word32 Rs, Word32 Rt)"
"Rd=mpy(Rs.H,Rt.L):rnd:sat","Word32 Q6_R_mpy_RhRl_rnd_sat(Word32 Rs, Word32"
"",Rt)
"Rd=mpy(Rs.H,Rt.L):sat","Word32 Q6_R_mpy_RhRl_sat(Word32 Rs, Word32 Rt)"
"Rd=mpy(Rs.L,Rt.H)","Word32 Q6_R_mpy_RlRh(Word32 Rs, Word32 Rt)"
"Rd=mpy(Rs.L,Rt.H):<<1","Word32 Q6_R_mpy_RlRh_s1(Word32 Rs, Word32 Rt)"
"Rd=mpy(Rs.L,Rt.H):<<1:rnd","Word32 Q6_R_mpy_RlRh_s1_rnd(Word32 Rs, Word32"
"",Rt)
"Rd=mpy(Rs.L,Rt.H):<<1:rnd:sat","Word32 Q6_R_mpy_RlRh_s1_rnd_sat(Word32 Rs,"
"",Word32 Rt)
"Rd=mpy(Rs.L,Rt.H):<<1:sat","Word32 Q6_R_mpy_RlRh_s1_sat(Word32 Rs, Word32"
"",Rt)
"Rd=mpy(Rs.L,Rt.H):rnd","Word32 Q6_R_mpy_RlRh_rnd(Word32 Rs, Word32 Rt)"
"Rd=mpy(Rs.L,Rt.H):rnd:sat","Word32 Q6_R_mpy_RlRh_rnd_sat(Word32 Rs, Word32"
"",Rt)
"Rd=mpy(Rs.L,Rt.H):sat","Word32 Q6_R_mpy_RlRh_sat(Word32 Rs, Word32 Rt)"
"Rd=mpy(Rs.L,Rt.L)","Word32 Q6_R_mpy_RlRl(Word32 Rs, Word32 Rt)"
"Rd=mpy(Rs.L,Rt.L):<<1","Word32 Q6_R_mpy_RlRl_s1(Word32 Rs, Word32 Rt)"
"Rd=mpy(Rs.L,Rt.L):<<1:rnd","Word32 Q6_R_mpy_RlRl_s1_rnd(Word32 Rs, Word32"
"",Rt)
"Rd=mpy(Rs.L,Rt.L):<<1:rnd:sat","Word32 Q6_R_mpy_RlRl_s1_rnd_sat(Word32 Rs,"
"",Word32 Rt)
"Rd=mpy(Rs.L,Rt.L):<<1:sat","Word32 Q6_R_mpy_RlRl_s1_sat(Word32 Rs, Word32"
"",Rt)
"Rd=mpy(Rs.L,Rt.L):rnd","Word32 Q6_R_mpy_RlRl_rnd(Word32 Rs, Word32 Rt)"
"Rd=mpy(Rs.L,Rt.L):rnd:sat","Word32 Q6_R_mpy_RlRl_rnd_sat(Word32 Rs, Word32"
"",Rt)
"Rd=mpy(Rs.L,Rt.L):sat","Word32 Q6_R_mpy_RlRl_sat(Word32 Rs, Word32 Rt)"
"Rdd=mpy(Rs.H,Rt.H)","Word64 Q6_P_mpy_RhRh(Word32 Rs, Word32 Rt)"
"Rdd=mpy(Rs.H,Rt.H):<<1","Word64 Q6_P_mpy_RhRh_s1(Word32 Rs, Word32 Rt)"
"Rdd=mpy(Rs.H,Rt.H):<<1:rnd","Word64 Q6_P_mpy_RhRh_s1_rnd(Word32 Rs, Word32"
"",Rt)
"Rdd=mpy(Rs.H,Rt.H):rnd","Word64 Q6_P_mpy_RhRh_rnd(Word32 Rs, Word32 Rt)"
"Rdd=mpy(Rs.H,Rt.L)","Word64 Q6_P_mpy_RhRl(Word32 Rs, Word32 Rt)"
"Rdd=mpy(Rs.H,Rt.L):<<1","Word64 Q6_P_mpy_RhRl_s1(Word32 Rs, Word32 Rt)"
"Rdd=mpy(Rs.H,Rt.L):<<1:rnd","Word64 Q6_P_mpy_RhRl_s1_rnd(Word32 Rs, Word32"
"",Rt)
"Rdd=mpy(Rs.H,Rt.L):rnd","Word64 Q6_P_mpy_RhRl_rnd(Word32 Rs, Word32 Rt)"
"Rdd=mpy(Rs.L,Rt.H)","Word64 Q6_P_mpy_RlRh(Word32 Rs, Word32 Rt)"
"Rdd=mpy(Rs.L,Rt.H):<<1","Word64 Q6_P_mpy_RlRh_s1(Word32 Rs, Word32 Rt)"
"Rdd=mpy(Rs.L,Rt.H):<<1:rnd","Word64 Q6_P_mpy_RlRh_s1_rnd(Word32 Rs, Word32"
"",Rt)
"Rdd=mpy(Rs.L,Rt.H):rnd","Word64 Q6_P_mpy_RlRh_rnd(Word32 Rs, Word32 Rt)"
"Rdd=mpy(Rs.L,Rt.L)","Word64 Q6_P_mpy_RlRl(Word32 Rs, Word32 Rt)"
"Rdd=mpy(Rs.L,Rt.L):<<1","Word64 Q6_P_mpy_RlRl_s1(Word32 Rs, Word32 Rt)"
"Rdd=mpy(Rs.L,Rt.L):<<1:rnd","Word64 Q6_P_mpy_RlRl_s1_rnd(Word32 Rs, Word32"
"",Rt)
"Rdd=mpy(Rs.L,Rt.L):rnd","Word64 Q6_P_mpy_RlRl_rnd(Word32 Rs, Word32 Rt)"
"Rx+=mpy(Rs.H,Rt.H)","Word32 Q6_R_mpyacc_RhRh(Word32 Rx, Word32 Rs,"
"",Word32 Rt)
"Rx+=mpy(Rs.H,Rt.H):<<1","Word32 Q6_R_mpyacc_RhRh_s1(Word32 Rx, Word32 Rs,"
"",Word32 Rt)
"Rx+=mpy(Rs.H,Rt.H):<<1:sat","Word32 Q6_R_mpyacc_RhRh_s1_sat(Word32 Rx, Word32"
"","Rs, Word32 Rt)"
"Rx+=mpy(Rs.H,Rt.H):sat","Word32 Q6_R_mpyacc_RhRh_sat(Word32 Rx, Word32"
"","Rs, Word32 Rt)"
"Rx+=mpy(Rs.H,Rt.L)","Word32 Q6_R_mpyacc_RhRl(Word32 Rx, Word32 Rs,"
"",Word32 Rt)
"Rx+=mpy(Rs.H,Rt.L):<<1","Word32 Q6_R_mpyacc_RhRl_s1(Word32 Rx, Word32 Rs,"
"",Word32 Rt)
"Rx+=mpy(Rs.H,Rt.L):<<1:sat","Word32 Q6_R_mpyacc_RhRl_s1_sat(Word32 Rx, Word32"
"","Rs, Word32 Rt)"
"Rx+=mpy(Rs.H,Rt.L):sat","Word32 Q6_R_mpyacc_RhRl_sat(Word32 Rx, Word32"
"","Rs, Word32 Rt)"
"Rx+=mpy(Rs.L,Rt.H)","Word32 Q6_R_mpyacc_RlRh(Word32 Rx, Word32 Rs,"
"",Word32 Rt)
"Rx+=mpy(Rs.L,Rt.H):<<1","Word32 Q6_R_mpyacc_RlRh_s1(Word32 Rx, Word32 Rs,"
"",Word32 Rt)
"Rx+=mpy(Rs.L,Rt.H):<<1:sat","Word32 Q6_R_mpyacc_RlRh_s1_sat(Word32 Rx, Word32"
"","Rs, Word32 Rt)"
"Rx+=mpy(Rs.L,Rt.H):sat","Word32 Q6_R_mpyacc_RlRh_sat(Word32 Rx, Word32"
"","Rs, Word32 Rt)"
"Rx+=mpy(Rs.L,Rt.L)","Word32 Q6_R_mpyacc_RlRl(Word32 Rx, Word32 Rs,"
"",Word32 Rt)
"Rx+=mpy(Rs.L,Rt.L):<<1","Word32 Q6_R_mpyacc_RlRl_s1(Word32 Rx, Word32 Rs,"
"",Word32 Rt)
"Rx+=mpy(Rs.L,Rt.L):<<1:sat","Word32 Q6_R_mpyacc_RlRl_s1_sat(Word32 Rx, Word32"
"","Rs, Word32 Rt)"
"Rx+=mpy(Rs.L,Rt.L):sat","Word32 Q6_R_mpyacc_RlRl_sat(Word32 Rx, Word32"
"","Rs, Word32 Rt)"
"Rx-=mpy(Rs.H,Rt.H)","Word32 Q6_R_mpynac_RhRh(Word32 Rx, Word32 Rs,"
"",Word32 Rt)
"Rx-=mpy(Rs.H,Rt.H):<<1","Word32 Q6_R_mpynac_RhRh_s1(Word32 Rx, Word32 Rs,"
"",Word32 Rt)
"Rx-=mpy(Rs.H,Rt.H):<<1:sat","Word32 Q6_R_mpynac_RhRh_s1_sat(Word32 Rx, Word32"
"","Rs, Word32 Rt)"
"Rx-=mpy(Rs.H,Rt.H):sat","Word32 Q6_R_mpynac_RhRh_sat(Word32 Rx, Word32"
"","Rs, Word32 Rt)"
"Rx-=mpy(Rs.H,Rt.L)","Word32 Q6_R_mpynac_RhRl(Word32 Rx, Word32 Rs,"
"",Word32 Rt)
"Rx-=mpy(Rs.H,Rt.L):<<1","Word32 Q6_R_mpynac_RhRl_s1(Word32 Rx, Word32 Rs,"
"",Word32 Rt)
"Rx-=mpy(Rs.H,Rt.L):<<1:sat","Word32 Q6_R_mpynac_RhRl_s1_sat(Word32 Rx, Word32"
"","Rs, Word32 Rt)"
"Rx-=mpy(Rs.H,Rt.L):sat","Word32 Q6_R_mpynac_RhRl_sat(Word32 Rx, Word32"
"","Rs, Word32 Rt)"
"Rx-=mpy(Rs.L,Rt.H)","Word32 Q6_R_mpynac_RlRh(Word32 Rx, Word32 Rs,"
"",Word32 Rt)
"Rx-=mpy(Rs.L,Rt.H):<<1","Word32 Q6_R_mpynac_RlRh_s1(Word32 Rx, Word32 Rs,"
"",Word32 Rt)
"Rx-=mpy(Rs.L,Rt.H):<<1:sat","Word32 Q6_R_mpynac_RlRh_s1_sat(Word32 Rx, Word32"
"","Rs, Word32 Rt)"
"Rx-=mpy(Rs.L,Rt.H):sat","Word32 Q6_R_mpynac_RlRh_sat(Word32 Rx, Word32"
"","Rs, Word32 Rt)"
"Rx-=mpy(Rs.L,Rt.L)","Word32 Q6_R_mpynac_RlRl(Word32 Rx, Word32 Rs,"
"",Word32 Rt)
"Rx-=mpy(Rs.L,Rt.L):<<1","Word32 Q6_R_mpynac_RlRl_s1(Word32 Rx, Word32 Rs,"
"",Word32 Rt)
"Rx-=mpy(Rs.L,Rt.L):<<1:sat","Word32 Q6_R_mpynac_RlRl_s1_sat(Word32 Rx, Word32"
"","Rs, Word32 Rt)"
"Rx-=mpy(Rs.L,Rt.L):sat","Word32 Q6_R_mpynac_RlRl_sat(Word32 Rx, Word32"
"","Rs, Word32 Rt)"
"Rxx+=mpy(Rs.H,Rt.H)","Word64 Q6_P_mpyacc_RhRh(Word64 Rxx, Word32 Rs,"
"",Word32 Rt)
"Rxx+=mpy(Rs.H,Rt.H):<<1","Word64 Q6_P_mpyacc_RhRh_s1(Word64 Rxx, Word32"
"","Rs, Word32 Rt)"
"Rxx+=mpy(Rs.H,Rt.L)","Word64 Q6_P_mpyacc_RhRl(Word64 Rxx, Word32 Rs,"
"",Word32 Rt)
"Rxx+=mpy(Rs.H,Rt.L):<<1","Word64 Q6_P_mpyacc_RhRl_s1(Word64 Rxx, Word32"
"","Rs, Word32 Rt)"
"Rxx+=mpy(Rs.L,Rt.H)","Word64 Q6_P_mpyacc_RlRh(Word64 Rxx, Word32 Rs,"
"",Word32 Rt)
"Rxx+=mpy(Rs.L,Rt.H):<<1","Word64 Q6_P_mpyacc_RlRh_s1(Word64 Rxx, Word32"
"","Rs, Word32 Rt)"
"Rxx+=mpy(Rs.L,Rt.L)","Word64 Q6_P_mpyacc_RlRl(Word64 Rxx, Word32 Rs,"
"",Word32 Rt)
"Rxx+=mpy(Rs.L,Rt.L):<<1","Word64 Q6_P_mpyacc_RlRl_s1(Word64 Rxx, Word32"
"","Rs, Word32 Rt)"
"Rxx-=mpy(Rs.H,Rt.H)","Word64 Q6_P_mpynac_RhRh(Word64 Rxx, Word32 Rs,"
"",Word32 Rt)
"Rxx-=mpy(Rs.H,Rt.H):<<1","Word64 Q6_P_mpynac_RhRh_s1(Word64 Rxx, Word32"
"","Rs, Word32 Rt)"
"Rxx-=mpy(Rs.H,Rt.L)","Word64 Q6_P_mpynac_RhRl(Word64 Rxx, Word32 Rs,"
"",Word32 Rt)
"Rxx-=mpy(Rs.H,Rt.L):<<1","Word64 Q6_P_mpynac_RhRl_s1(Word64 Rxx, Word32"
"","Rs, Word32 Rt)"
"Rxx-=mpy(Rs.L,Rt.H)","Word64 Q6_P_mpynac_RlRh(Word64 Rxx, Word32 Rs,"
"",Word32 Rt)
"Rxx-=mpy(Rs.L,Rt.H):<<1","Word64 Q6_P_mpynac_RlRh_s1(Word64 Rxx, Word32"
"","Rs, Word32 Rt)"
"Rxx-=mpy(Rs.L,Rt.L)","Word64 Q6_P_mpynac_RlRl(Word64 Rxx, Word32 Rs,"
"",Word32 Rt)
"Rxx-=mpy(Rs.L,Rt.L):<<1","Word64 Q6_P_mpynac_RlRl_s1(Word64 Rxx, Word32"
"","Rs, Word32 Rt)"
"Rd=mpyu(Rs.H,Rt.H)","UWord32 Q6_R_mpyu_RhRh(Word32 Rs, Word32 Rt)"
"Rd=mpyu(Rs.H,Rt.H):<<1","UWord32 Q6_R_mpyu_RhRh_s1(Word32 Rs, Word32 Rt)"
"Rd=mpyu(Rs.H,Rt.L)","UWord32 Q6_R_mpyu_RhRl(Word32 Rs, Word32 Rt)"
"Rd=mpyu(Rs.H,Rt.L):<<1","UWord32 Q6_R_mpyu_RhRl_s1(Word32 Rs, Word32 Rt)"
"Rd=mpyu(Rs.L,Rt.H)","UWord32 Q6_R_mpyu_RlRh(Word32 Rs, Word32 Rt)"
"Rd=mpyu(Rs.L,Rt.H):<<1","UWord32 Q6_R_mpyu_RlRh_s1(Word32 Rs, Word32 Rt)"
"Rd=mpyu(Rs.L,Rt.L)","UWord32 Q6_R_mpyu_RlRl(Word32 Rs, Word32 Rt)"
"Rd=mpyu(Rs.L,Rt.L):<<1","UWord32 Q6_R_mpyu_RlRl_s1(Word32 Rs, Word32 Rt)"
"Rdd=mpyu(Rs.H,Rt.H)","UWord64 Q6_P_mpyu_RhRh(Word32 Rs, Word32 Rt)"
"Rdd=mpyu(Rs.H,Rt.H):<<1","UWord64 Q6_P_mpyu_RhRh_s1(Word32 Rs, Word32 Rt)"
"Rdd=mpyu(Rs.H,Rt.L)","UWord64 Q6_P_mpyu_RhRl(Word32 Rs, Word32 Rt)"
"Rdd=mpyu(Rs.H,Rt.L):<<1","UWord64 Q6_P_mpyu_RhRl_s1(Word32 Rs, Word32 Rt)"
"Rdd=mpyu(Rs.L,Rt.H)","UWord64 Q6_P_mpyu_RlRh(Word32 Rs, Word32 Rt)"
"Rdd=mpyu(Rs.L,Rt.H):<<1","UWord64 Q6_P_mpyu_RlRh_s1(Word32 Rs, Word32 Rt)"
"Rdd=mpyu(Rs.L,Rt.L)","UWord64 Q6_P_mpyu_RlRl(Word32 Rs, Word32 Rt)"
"Rdd=mpyu(Rs.L,Rt.L):<<1","UWord64 Q6_P_mpyu_RlRl_s1(Word32 Rs, Word32 Rt)"
"Rx+=mpyu(Rs.H,Rt.H)","Word32 Q6_R_mpyuacc_RhRh(Word32 Rx, Word32 Rs,"
"",Word32 Rt)
"Rx+=mpyu(Rs.H,Rt.H):<<1","Word32 Q6_R_mpyuacc_RhRh_s1(Word32 Rx, Word32 Rs,"
"",Word32 Rt)
"Rx+=mpyu(Rs.H,Rt.L)","Word32 Q6_R_mpyuacc_RhRl(Word32 Rx, Word32 Rs,"
"",Word32 Rt)
"Rx+=mpyu(Rs.H,Rt.L):<<1","Word32 Q6_R_mpyuacc_RhRl_s1(Word32 Rx, Word32 Rs,"
"",Word32 Rt)
"Rx+=mpyu(Rs.L,Rt.H)","Word32 Q6_R_mpyuacc_RlRh(Word32 Rx, Word32 Rs,"
"",Word32 Rt)
"Rx+=mpyu(Rs.L,Rt.H):<<1","Word32 Q6_R_mpyuacc_RlRh_s1(Word32 Rx, Word32 Rs,"
"",Word32 Rt)
"Rx+=mpyu(Rs.L,Rt.L)","Word32 Q6_R_mpyuacc_RlRl(Word32 Rx, Word32 Rs,"
"",Word32 Rt)
"Rx+=mpyu(Rs.L,Rt.L):<<1","Word32 Q6_R_mpyuacc_RlRl_s1(Word32 Rx, Word32 Rs,"
"",Word32 Rt)
"Rx-=mpyu(Rs.H,Rt.H)","Word32 Q6_R_mpyunac_RhRh(Word32 Rx, Word32 Rs,"
"",Word32 Rt)
"Rx-=mpyu(Rs.H,Rt.H):<<1","Word32 Q6_R_mpyunac_RhRh_s1(Word32 Rx, Word32 Rs,"
"",Word32 Rt)
"Rx-=mpyu(Rs.H,Rt.L)","Word32 Q6_R_mpyunac_RhRl(Word32 Rx, Word32 Rs,"
"",Word32 Rt)
"Rx-=mpyu(Rs.H,Rt.L):<<1","Word32 Q6_R_mpyunac_RhRl_s1(Word32 Rx, Word32 Rs,"
"",Word32 Rt)
"Rx-=mpyu(Rs.L,Rt.H)","Word32 Q6_R_mpyunac_RlRh(Word32 Rx, Word32 Rs,"
"",Word32 Rt)
"Rx-=mpyu(Rs.L,Rt.H):<<1","Word32 Q6_R_mpyunac_RlRh_s1(Word32 Rx, Word32 Rs,"
"",Word32 Rt)
"Rx-=mpyu(Rs.L,Rt.L)","Word32 Q6_R_mpyunac_RlRl(Word32 Rx, Word32 Rs,"
"",Word32 Rt)
"Rx-=mpyu(Rs.L,Rt.L):<<1","Word32 Q6_R_mpyunac_RlRl_s1(Word32 Rx, Word32 Rs,"
"",Word32 Rt)
"Rxx+=mpyu(Rs.H,Rt.H)","Word64 Q6_P_mpyuacc_RhRh(Word64 Rxx, Word32 Rs,"
"",Word32 Rt)
"Rxx+=mpyu(Rs.H,Rt.H):<<1","Word64 Q6_P_mpyuacc_RhRh_s1(Word64 Rxx, Word32 Rs,"
"",Word32 Rt)
"Rxx+=mpyu(Rs.H,Rt.L)","Word64 Q6_P_mpyuacc_RhRl(Word64 Rxx, Word32 Rs,"
"",Word32 Rt)
"Rxx+=mpyu(Rs.H,Rt.L):<<1","Word64 Q6_P_mpyuacc_RhRl_s1(Word64 Rxx, Word32 Rs,"
"",Word32 Rt)
"Rxx+=mpyu(Rs.L,Rt.H)","Word64 Q6_P_mpyuacc_RlRh(Word64 Rxx, Word32 Rs,"
"",Word32 Rt)
"Rxx+=mpyu(Rs.L,Rt.H):<<1","Word64 Q6_P_mpyuacc_RlRh_s1(Word64 Rxx, Word32 Rs,"
"",Word32 Rt)
"Rxx+=mpyu(Rs.L,Rt.L)","Word64 Q6_P_mpyuacc_RlRl(Word64 Rxx, Word32 Rs,"
"",Word32 Rt)
"Rxx+=mpyu(Rs.L,Rt.L):<<1","Word64 Q6_P_mpyuacc_RlRl_s1(Word64 Rxx, Word32 Rs,"
"",Word32 Rt)
"Rxx-=mpyu(Rs.H,Rt.H)","Word64 Q6_P_mpyunac_RhRh(Word64 Rxx, Word32 Rs,"
"",Word32 Rt)
"Rxx-=mpyu(Rs.H,Rt.H):<<1","Word64 Q6_P_mpyunac_RhRh_s1(Word64 Rxx, Word32 Rs,"
"",Word32 Rt)
"Rxx-=mpyu(Rs.H,Rt.L)","Word64 Q6_P_mpyunac_RhRl(Word64 Rxx, Word32 Rs,"
"",Word32 Rt)
"Rxx-=mpyu(Rs.H,Rt.L):<<1","Word64 Q6_P_mpyunac_RhRl_s1(Word64 Rxx, Word32 Rs,"
"",Word32 Rt)
"Rxx-=mpyu(Rs.L,Rt.H)","Word64 Q6_P_mpyunac_RlRh(Word64 Rxx, Word32 Rs,"
"",Word32 Rt)
"Rxx-=mpyu(Rs.L,Rt.H):<<1","Word64 Q6_P_mpyunac_RlRh_s1(Word64 Rxx, Word32 Rs,"
"",Word32 Rt)
"Rxx-=mpyu(Rs.L,Rt.L)","Word64 Q6_P_mpyunac_RlRl(Word64 Rxx, Word32 Rs,"
"",Word32 Rt)
"Rxx-=mpyu(Rs.L,Rt.L):<<1","Word64 Q6_P_mpyunac_RlRl_s1(Word64 Rxx, Word32 Rs,"
"",Word32 Rt)
"Rdd=pmpyw(Rs,Rt)","Word64 Q6_P_pmpyw_RR(Word32 Rs, Word32 Rt)"
"Rxx^=pmpyw(Rs,Rt)","Word64 Q6_P_pmpywxacc_RR(Word64 Rxx, Word32 Rs,"
"",Word32 Rt)
"Rdd=vrmpyweh(Rss,Rtt)","Word64 Q6_P_vrmpyweh_PP(Word64 Rss, Word64 Rtt)"
"Rdd=vrmpyweh(Rss,Rtt):<<1","Word64 Q6_P_vrmpyweh_PP_s1(Word64 Rss, Word64"
"",Rtt)
"Rdd=vrmpywoh(Rss,Rtt)","Word64 Q6_P_vrmpywoh_PP(Word64 Rss, Word64 Rtt)"
"Rdd=vrmpywoh(Rss,Rtt):<<1","Word64 Q6_P_vrmpywoh_PP_s1(Word64 Rss, Word64"
"",Rtt)
"Rxx+=vrmpyweh(Rss,Rtt)","Word64 Q6_P_vrmpywehacc_PP(Word64 Rxx, Word64"
"","Rss, Word64 Rtt)"
"Rxx+=vrmpyweh(Rss,Rtt):<<1","Word64 Q6_P_vrmpywehacc_PP_s1(Word64 Rxx, Word64"
"","Rss, Word64 Rtt)"
"Rxx+=vrmpywoh(Rss,Rtt)","Word64 Q6_P_vrmpywohacc_PP(Word64 Rxx, Word64"
"","Rss, Word64 Rtt)"
"Rxx+=vrmpywoh(Rss,Rtt):<<1","Word64 Q6_P_vrmpywohacc_PP_s1(Word64 Rxx, Word64"
"","Rss, Word64 Rtt)"
"Rd=mpy(Rs,Rt.H):<<1:rnd:sat","Word32 Q6_R_mpy_RRh_s1_rnd_sat(Word32 Rs, Word32"
"",Rt)
"Rd=mpy(Rs,Rt.H):<<1:sat","Word32 Q6_R_mpy_RRh_s1_sat(Word32 Rs, Word32 Rt)"
"Rd=mpy(Rs,Rt.L):<<1:rnd:sat","Word32 Q6_R_mpy_RRl_s1_rnd_sat(Word32 Rs, Word32"
"",Rt)
"Rd=mpy(Rs,Rt.L):<<1:sat","Word32 Q6_R_mpy_RRl_s1_sat(Word32 Rs, Word32 Rt)"
"Rd=mpy(Rs,Rt)","Word32 Q6_R_mpy_RR(Word32 Rs, Word32 Rt)"
"Rd=mpy(Rs,Rt):<<1","Word32 Q6_R_mpy_RR_s1(Word32 Rs, Word32 Rt)"
"Rd=mpy(Rs,Rt):<<1:sat","Word32 Q6_R_mpy_RR_s1_sat(Word32 Rs, Word32 Rt)"
"Rd=mpy(Rs,Rt):rnd","Word32 Q6_R_mpy_RR_rnd(Word32 Rs, Word32 Rt)"
"Rd=mpysu(Rs,Rt)","Word32 Q6_R_mpysu_RR(Word32 Rs, Word32 Rt)"
"Rd=mpyu(Rs,Rt)","UWord32 Q6_R_mpyu_RR(Word32 Rs, Word32 Rt)"
"Rx+=mpy(Rs,Rt):<<1:sat","Word32 Q6_R_mpyacc_RR_s1_sat(Word32 Rx, Word32"
"","Rs, Word32 Rt)"
"Rx-=mpy(Rs,Rt):<<1:sat","Word32 Q6_R_mpynac_RR_s1_sat(Word32 Rx, Word32"
"","Rs, Word32 Rt)"
"Rdd=mpy(Rs,Rt)","Word64 Q6_P_mpy_RR(Word32 Rs, Word32 Rt)"
"Rdd=mpyu(Rs,Rt)","UWord64 Q6_P_mpyu_RR(Word32 Rs, Word32 Rt)"
"Rxx+=mpy(Rs,Rt)","Word64 Q6_P_mpyacc_RR(Word64 Rxx, Word32 Rs,"
"",Word32 Rt)
"Rxx+=mpyu(Rs,Rt)","Word64 Q6_P_mpyuacc_RR(Word64 Rxx, Word32 Rs,"
"",Word32 Rt)
"Rxx-=mpy(Rs,Rt)","Word64 Q6_P_mpynac_RR(Word64 Rxx, Word32 Rs,"
"",Word32 Rt)
"Rxx-=mpyu(Rs,Rt)","Word64 Q6_P_mpyunac_RR(Word64 Rxx, Word32 Rs,"
"",Word32 Rt)
"Rdd=vdmpy(Rss,Rtt):<<1:sat","Word64 Q6_P_vdmpy_PP_s1_sat(Word64 Rss, Word64"
"",Rtt)
"Rdd=vdmpy(Rss,Rtt):sat","Word64 Q6_P_vdmpy_PP_sat(Word64 Rss, Word64 Rtt)"
"Rxx+=vdmpy(Rss,Rtt):<<1:sat","Word64 Q6_P_vdmpyacc_PP_s1_sat(Word64 Rxx,"
"","Word64 Rss, Word64 Rtt)"
"Rxx+=vdmpy(Rss,Rtt):sat","Word64 Q6_P_vdmpyacc_PP_sat(Word64 Rxx, Word64"
"","Rss, Word64 Rtt)"
"Rd=vdmpy(Rss,Rtt):<<1:rnd:sat","Word32 Q6_R_vdmpy_PP_s1_rnd_sat(Word64 Rss,"
"",Word64 Rtt)
"Rd=vdmpy(Rss,Rtt):rnd:sat","Word32 Q6_R_vdmpy_PP_rnd_sat(Word64 Rss, Word64"
"",Rtt)
"Rdd=vrmpybsu(Rss,Rtt)","Word64 Q6_P_vrmpybsu_PP(Word64 Rss, Word64 Rtt)"
"Rdd=vrmpybu(Rss,Rtt)","Word64 Q6_P_vrmpybu_PP(Word64 Rss, Word64 Rtt)"
"Rxx+=vrmpybsu(Rss,Rtt)","Word64 Q6_P_vrmpybsuacc_PP(Word64 Rxx, Word64"
"","Rss, Word64 Rtt)"
"Rxx+=vrmpybu(Rss,Rtt)","Word64 Q6_P_vrmpybuacc_PP(Word64 Rxx, Word64"
"","Rss, Word64 Rtt)"
"Rdd=vdmpybsu(Rss,Rtt):sat","Word64 Q6_P_vdmpybsu_PP_sat(Word64 Rss, Word64"
"",Rtt)
"Rxx+=vdmpybsu(Rss,Rtt):sat","Word64 Q6_P_vdmpybsuacc_PP_sat(Word64 Rxx,"
"","Word64 Rss, Word64 Rtt)"
"Rdd=vmpyeh(Rss,Rtt):<<1:sat","Word64 Q6_P_vmpyeh_PP_s1_sat(Word64 Rss, Word64"
"",Rtt)
"Rdd=vmpyeh(Rss,Rtt):sat","Word64 Q6_P_vmpyeh_PP_sat(Word64 Rss, Word64"
"",Rtt)
"Rxx+=vmpyeh(Rss,Rtt)","Word64 Q6_P_vmpyehacc_PP(Word64 Rxx, Word64 Rss,"
"",Word64 Rtt)
"Rxx+=vmpyeh(Rss,Rtt):<<1:sat","Word64 Q6_P_vmpyehacc_PP_s1_sat(Word64 Rxx,"
"","Word64 Rss, Word64 Rtt)"
"Rxx+=vmpyeh(Rss,Rtt):sat","Word64 Q6_P_vmpyehacc_PP_sat(Word64 Rxx, Word64"
"","Rss, Word64 Rtt)"
"Rdd=vmpyh(Rs,Rt):<<1:sat","Word64 Q6_P_vmpyh_RR_s1_sat(Word32 Rs, Word32"
"",Rt)
"Rdd=vmpyh(Rs,Rt):sat","Word64 Q6_P_vmpyh_RR_sat(Word32 Rs, Word32 Rt)"
"Rxx+=vmpyh(Rs,Rt)","Word64 Q6_P_vmpyhacc_RR(Word64 Rxx, Word32 Rs,"
"",Word32 Rt)
"Rxx+=vmpyh(Rs,Rt):<<1:sat","Word64 Q6_P_vmpyhacc_RR_s1_sat(Word64 Rxx,"
"","Word32 Rs, Word32 Rt)"
"Rxx+=vmpyh(Rs,Rt):sat","Word64 Q6_P_vmpyhacc_RR_sat(Word64 Rxx, Word32"
"","Rs, Word32 Rt)"
"Rd=vmpyh(Rs,Rt):<<1:rnd:sat","Word32 Q6_R_vmpyh_RR_s1_rnd_sat(Word32 Rs,"
"",Word32 Rt)
"Rd=vmpyh(Rs,Rt):rnd:sat","Word32 Q6_R_vmpyh_RR_rnd_sat(Word32 Rs, Word32"
"",Rt)
"Rdd=vmpyhsu(Rs,Rt):<<1:sat","Word64 Q6_P_vmpyhsu_RR_s1_sat(Word32 Rs, Word32"
"",Rt)
"Rdd=vmpyhsu(Rs,Rt):sat","Word64 Q6_P_vmpyhsu_RR_sat(Word32 Rs, Word32 Rt)"
"Rxx+=vmpyhsu(Rs,Rt):<<1:sat","Word64 Q6_P_vmpyhsuacc_RR_s1_sat(Word64 Rxx,"
"","Word32 Rs, Word32 Rt)"
"Rxx+=vmpyhsu(Rs,Rt):sat","Word64 Q6_P_vmpyhsuacc_RR_sat(Word64 Rxx, Word32"
"","Rs, Word32 Rt)"
"Rdd=vrmpyh(Rss,Rtt)","Word64 Q6_P_vrmpyh_PP(Word64 Rss, Word64 Rtt)"
"Rxx+=vrmpyh(Rss,Rtt)","Word64 Q6_P_vrmpyhacc_PP(Word64 Rxx, Word64 Rss,"
"",Word64 Rtt)
"Rdd=vmpybsu(Rs,Rt)","Word64 Q6_P_vmpybsu_RR(Word32 Rs, Word32 Rt)"
"Rdd=vmpybu(Rs,Rt)","Word64 Q6_P_vmpybu_RR(Word32 Rs, Word32 Rt)"
"Rxx+=vmpybsu(Rs,Rt)","Word64 Q6_P_vmpybsuacc_RR(Word64 Rxx, Word32 Rs,"
"",Word32 Rt)
"Rxx+=vmpybu(Rs,Rt)","Word64 Q6_P_vmpybuacc_RR(Word64 Rxx, Word32 Rs,"
"",Word32 Rt)
"Rdd=vpmpyh(Rs,Rt)","Word64 Q6_P_vpmpyh_RR(Word32 Rs, Word32 Rt)"
"Rxx^=vpmpyh(Rs,Rt)","Word64 Q6_P_vpmpyhxacc_RR(Word64 Rxx, Word32 Rs,"
"",Word32 Rt)
Rd=sat(Rss),Word32 Q6_R_sat_P(Word64 Rss)
Rd=satb(Rs),Word32 Q6_R_satb_R(Word32 Rs)
Rd=sath(Rs),Word32 Q6_R_sath_R(Word32 Rs)
Rd=satub(Rs),Word32 Q6_R_satub_R(Word32 Rs)
Rd=satuh(Rs),Word32 Q6_R_satuh_R(Word32 Rs)
Rd=swiz(Rs),Word32 Q6_R_swiz_R(Word32 Rs)
"Rdd=valignb(Rtt,Rss,#u3)","Word64 Q6_P_valignb_PPI(Word64 Rtt, Word64 Rss,"
"",Word32 Iu3)
"Rdd=valignb(Rtt,Rss,Pu)","Word64 Q6_P_valignb_PPp(Word64 Rtt, Word64 Rss, Byte"
"",Pu)
Rd=vrndwh(Rss),Word32 Q6_R_vrndwh_P(Word64 Rss)
Rd=vrndwh(Rss):sat,Word32 Q6_R_vrndwh_P_sat(Word64 Rss)
Rd=vsathb(Rs),Word32 Q6_R_vsathb_R(Word32 Rs)
Rd=vsathb(Rss),Word32 Q6_R_vsathb_P(Word64 Rss)
Rd=vsathub(Rs),Word32 Q6_R_vsathub_R(Word32 Rs)
Rd=vsathub(Rss),Word32 Q6_R_vsathub_P(Word64 Rss)
Rd=vsatwh(Rss),Word32 Q6_R_vsatwh_P(Word64 Rss)
Rd=vsatwuh(Rss),Word32 Q6_R_vsatwuh_P(Word64 Rss)
Rdd=vsathb(Rss),Word64 Q6_P_vsathb_P(Word64 Rss)
Rdd=vsathub(Rss),Word64 Q6_P_vsathub_P(Word64 Rss)
Rdd=vsatwh(Rss),Word64 Q6_P_vsatwh_P(Word64 Rss)
Rdd=vsatwuh(Rss),Word64 Q6_P_vsatwuh_P(Word64 Rss)
"Rdd=shuffeb(Rss,Rtt)","Word64 Q6_P_shuffeb_PP(Word64 Rss, Word64 Rtt)"
"Rdd=shuffeh(Rss,Rtt)","Word64 Q6_P_shuffeh_PP(Word64 Rss, Word64 Rtt)"
"Rdd=shuffob(Rtt,Rss)","Word64 Q6_P_shuffob_PP(Word64 Rtt, Word64 Rss)"
"Rdd=shuffoh(Rtt,Rss)","Word64 Q6_P_shuffoh_PP(Word64 Rtt, Word64 Rss)"
Rd=vsplatb(Rs),Word32 Q6_R_vsplatb_R(Word32 Rs)
Rdd=vsplatb(Rs),Word64 Q6_P_vsplatb_R(Word32 Rs)
Rdd=vsplath(Rs),Word64 Q6_P_vsplath_R(Word32 Rs)
"Rdd=vspliceb(Rss,Rtt,#u3)","Word64 Q6_P_vspliceb_PPI(Word64 Rss, Word64 Rtt,"
"",Word32 Iu3)
"Rdd=vspliceb(Rss,Rtt,Pu)","Word64 Q6_P_vspliceb_PPp(Word64 Rss, Word64 Rtt,"
"",Byte Pu)
Rdd=vsxtbh(Rs),Word64 Q6_P_vsxtbh_R(Word32 Rs)
Rdd=vsxthw(Rs),Word64 Q6_P_vsxthw_R(Word32 Rs)
Rd=vtrunehb(Rss),Word32 Q6_R_vtrunehb_P(Word64 Rss)
Rd=vtrunohb(Rss),Word32 Q6_R_vtrunohb_P(Word64 Rss)
"Rdd=vtrunehb(Rss,Rtt)","Word64 Q6_P_vtrunehb_PP(Word64 Rss, Word64 Rtt)"
"Rdd=vtrunewh(Rss,Rtt)","Word64 Q6_P_vtrunewh_PP(Word64 Rss, Word64 Rtt)"
"Rdd=vtrunohb(Rss,Rtt)","Word64 Q6_P_vtrunohb_PP(Word64 Rss, Word64 Rtt)"
"Rdd=vtrunowh(Rss,Rtt)","Word64 Q6_P_vtrunowh_PP(Word64 Rss, Word64 Rtt)"
Rdd=vzxtbh(Rs),Word64 Q6_P_vzxtbh_R(Word32 Rs)
Rdd=vzxthw(Rs),Word64 Q6_P_vzxthw_R(Word32 Rs)
"Pd=boundscheck(Rs,Rtt)","Byte Q6_p_boundscheck_RP(Word32 Rs, Word64 Rtt)"
"Pd=cmpb.eq(Rs,#u8)","Byte Q6_p_cmpb_eq_RI(Word32 Rs, Word32 Iu8)"
"Pd=cmpb.eq(Rs,Rt)","Byte Q6_p_cmpb_eq_RR(Word32 Rs, Word32 Rt)"
"Pd=cmpb.gt(Rs,#s8)","Byte Q6_p_cmpb_gt_RI(Word32 Rs, Word32 Is8)"
"Pd=cmpb.gt(Rs,Rt)","Byte Q6_p_cmpb_gt_RR(Word32 Rs, Word32 Rt)"
"Pd=cmpb.gtu(Rs,#u7)","Byte Q6_p_cmpb_gtu_RI(Word32 Rs, Word32 Iu7)"
"Pd=cmpb.gtu(Rs,Rt)","Byte Q6_p_cmpb_gtu_RR(Word32 Rs, Word32 Rt)"
"Pd=cmph.eq(Rs,#s8)","Byte Q6_p_cmph_eq_RI(Word32 Rs, Word32 Is8)"
"Pd=cmph.eq(Rs,Rt)","Byte Q6_p_cmph_eq_RR(Word32 Rs, Word32 Rt)"
"Pd=cmph.gt(Rs,#s8)","Byte Q6_p_cmph_gt_RI(Word32 Rs, Word32 Is8)"
"Pd=cmph.gt(Rs,Rt)","Byte Q6_p_cmph_gt_RR(Word32 Rs, Word32 Rt)"
"Pd=cmph.gtu(Rs,#u7)","Byte Q6_p_cmph_gtu_RI(Word32 Rs, Word32 Iu7)"
"Pd=cmph.gtu(Rs,Rt)","Byte Q6_p_cmph_gtu_RR(Word32 Rs, Word32 Rt)"
"Pd=cmp.eq(Rss,Rtt)","Byte Q6_p_cmp_eq_PP(Word64 Rss, Word64 Rtt)"
"Pd=cmp.gt(Rss,Rtt)","Byte Q6_p_cmp_gt_PP(Word64 Rss, Word64 Rtt)"
"Pd=cmp.gtu(Rss,Rtt)","Byte Q6_p_cmp_gtu_PP(Word64 Rss, Word64 Rtt)"
"Pd=!bitsclr(Rs,#u6)","Byte Q6_p_not_bitsclr_RI(Word32 Rs, Word32 Iu6)"
"Pd=!bitsclr(Rs,Rt)","Byte Q6_p_not_bitsclr_RR(Word32 Rs, Word32 Rt)"
"Pd=!bitsset(Rs,Rt)","Byte Q6_p_not_bitsset_RR(Word32 Rs, Word32 Rt)"
"Pd=bitsclr(Rs,#u6)","Byte Q6_p_bitsclr_RI(Word32 Rs, Word32 Iu6)"
"Pd=bitsclr(Rs,Rt)","Byte Q6_p_bitsclr_RR(Word32 Rs, Word32 Rt)"
"Pd=bitsset(Rs,Rt)","Byte Q6_p_bitsset_RR(Word32 Rs, Word32 Rt)"
Rdd=mask(Pt),Word64 Q6_P_mask_p(Byte Pt)
"Pd=tlbmatch(Rss,Rt)","Byte Q6_p_tlbmatch_PR(Word64 Rss, Word32 Rt)"
Pd=Rs,Byte Q6_p_equals_R(Word32 Rs)
Rd=Ps,Word32 Q6_R_equals_p(Byte Ps)
"Pd=!tstbit(Rs,#u5)","Byte Q6_p_not_tstbit_RI(Word32 Rs, Word32 Iu5)"
"Pd=!tstbit(Rs,Rt)","Byte Q6_p_not_tstbit_RR(Word32 Rs, Word32 Rt)"
"Pd=tstbit(Rs,#u5)","Byte Q6_p_tstbit_RI(Word32 Rs, Word32 Iu5)"
"Pd=tstbit(Rs,Rt)","Byte Q6_p_tstbit_RR(Word32 Rs, Word32 Rt)"
"Pd=vcmph.eq(Rss,#s8)","Byte Q6_p_vcmph_eq_PI(Word64 Rss, Word32 Is8)"
"Pd=vcmph.eq(Rss,Rtt)","Byte Q6_p_vcmph_eq_PP(Word64 Rss, Word64 Rtt)"
"Pd=vcmph.gt(Rss,#s8)","Byte Q6_p_vcmph_gt_PI(Word64 Rss, Word32 Is8)"
"Pd=vcmph.gt(Rss,Rtt)","Byte Q6_p_vcmph_gt_PP(Word64 Rss, Word64 Rtt)"
"Pd=vcmph.gtu(Rss,#u7)","Byte Q6_p_vcmph_gtu_PI(Word64 Rss, Word32 Iu7)"
"Pd=vcmph.gtu(Rss,Rtt)","Byte Q6_p_vcmph_gtu_PP(Word64 Rss, Word64 Rtt)"
"Pd=!any8(vcmpb.eq(Rss,Rtt))","Byte Q6_p_not_any8_vcmpb_eq_PP(Word64 Rss,"
"",Word64 Rtt)
"Pd=any8(vcmpb.eq(Rss,Rtt))","Byte Q6_p_any8_vcmpb_eq_PP(Word64 Rss, Word64"
"",Rtt)
"Pd=vcmpb.eq(Rss,#u8)","Byte Q6_p_vcmpb_eq_PI(Word64 Rss, Word32 Iu8)"
"Pd=vcmpb.eq(Rss,Rtt)","Byte Q6_p_vcmpb_eq_PP(Word64 Rss, Word64 Rtt)"
"Pd=vcmpb.gt(Rss,#s8)","Byte Q6_p_vcmpb_gt_PI(Word64 Rss, Word32 Is8)"
"Pd=vcmpb.gt(Rss,Rtt)","Byte Q6_p_vcmpb_gt_PP(Word64 Rss, Word64 Rtt)"
"Pd=vcmpb.gtu(Rss,#u7)","Byte Q6_p_vcmpb_gtu_PI(Word64 Rss, Word32 Iu7)"
"Pd=vcmpb.gtu(Rss,Rtt)","Byte Q6_p_vcmpb_gtu_PP(Word64 Rss, Word64 Rtt)"
"Pd=vcmpw.eq(Rss,#s8)","Byte Q6_p_vcmpw_eq_PI(Word64 Rss, Word32 Is8)"
"Pd=vcmpw.eq(Rss,Rtt)","Byte Q6_p_vcmpw_eq_PP(Word64 Rss, Word64 Rtt)"
"Pd=vcmpw.gt(Rss,#s8)","Byte Q6_p_vcmpw_gt_PI(Word64 Rss, Word32 Is8)"
"Pd=vcmpw.gt(Rss,Rtt)","Byte Q6_p_vcmpw_gt_PP(Word64 Rss, Word64 Rtt)"
"Pd=vcmpw.gtu(Rss,#u7)","Byte Q6_p_vcmpw_gtu_PI(Word64 Rss, Word32 Iu7)"
"Pd=vcmpw.gtu(Rss,Rtt)","Byte Q6_p_vcmpw_gtu_PP(Word64 Rss, Word64 Rtt)"
"Rd=vitpack(Ps,Pt)","Word32 Q6_R_vitpack_pp(Byte Ps, Byte Pt)"
"Rdd=vmux(Pu,Rss,Rtt)","Word64 Q6_P_vmux_pPP(Byte Pu, Word64 Rss, Word64"
"",Rtt)
"Rd=asl(Rs,#u5)","Word32 Q6_R_asl_RI(Word32 Rs, Word32 Iu5)"
"Rd=asr(Rs,#u5)","Word32 Q6_R_asr_RI(Word32 Rs, Word32 Iu5)"
"Rd=lsr(Rs,#u5)","Word32 Q6_R_lsr_RI(Word32 Rs, Word32 Iu5)"
"Rd=rol(Rs,#u5)","Word32 Q6_R_rol_RI(Word32 Rs, Word32 Iu5)"
"Rdd=asl(Rss,#u6)","Word64 Q6_P_asl_PI(Word64 Rss, Word32 Iu6)"
"Rdd=asr(Rss,#u6)","Word64 Q6_P_asr_PI(Word64 Rss, Word32 Iu6)"
"Rdd=lsr(Rss,#u6)","Word64 Q6_P_lsr_PI(Word64 Rss, Word32 Iu6)"
"Rdd=rol(Rss,#u6)","Word64 Q6_P_rol_PI(Word64 Rss, Word32 Iu6)"
"Rx+=asl(Rs,#u5)","Word32 Q6_R_aslacc_RI(Word32 Rx, Word32 Rs,"
"",Word32 Iu5)
"Rx+=asr(Rs,#u5)","Word32 Q6_R_asracc_RI(Word32 Rx, Word32 Rs,"
"",Word32 Iu5)
"Rx+=lsr(Rs,#u5)","Word32 Q6_R_lsracc_RI(Word32 Rx, Word32 Rs,"
"",Word32 Iu5)
"Rx+=rol(Rs,#u5)","Word32 Q6_R_rolacc_RI(Word32 Rx, Word32 Rs,"
"",Word32 Iu5)
"Rx-=asl(Rs,#u5)","Word32 Q6_R_aslnac_RI(Word32 Rx, Word32 Rs,"
"",Word32 Iu5)
"Rx-=asr(Rs,#u5)","Word32 Q6_R_asrnac_RI(Word32 Rx, Word32 Rs,"
"",Word32 Iu5)
"Rx-=lsr(Rs,#u5)","Word32 Q6_R_lsrnac_RI(Word32 Rx, Word32 Rs,"
"",Word32 Iu5)
"Rx-=rol(Rs,#u5)","Word32 Q6_R_rolnac_RI(Word32 Rx, Word32 Rs,"
"",Word32 Iu5)
"Rx=add(#u8,asl(Rx,#U5))","Word32 Q6_R_add_asl_IRI(Word32 Iu8, Word32 Rx,"
"",Word32 IU5)
"Rx=add(#u8,lsr(Rx,#U5))","Word32 Q6_R_add_lsr_IRI(Word32 Iu8, Word32 Rx,"
"",Word32 IU5)
"Rx=sub(#u8,asl(Rx,#U5))","Word32 Q6_R_sub_asl_IRI(Word32 Iu8, Word32 Rx,"
"",Word32 IU5)
"Rx=sub(#u8,lsr(Rx,#U5))","Word32 Q6_R_sub_lsr_IRI(Word32 Iu8, Word32 Rx,"
"",Word32 IU5)
"Rxx+=asl(Rss,#u6)","Word64 Q6_P_aslacc_PI(Word64 Rxx, Word64 Rss,"
"",Word32 Iu6)
"Rxx+=asr(Rss,#u6)","Word64 Q6_P_asracc_PI(Word64 Rxx, Word64 Rss,"
"",Word32 Iu6)
"Rxx+=lsr(Rss,#u6)","Word64 Q6_P_lsracc_PI(Word64 Rxx, Word64 Rss,"
"",Word32 Iu6)
"Rxx+=rol(Rss,#u6)","Word64 Q6_P_rolacc_PI(Word64 Rxx, Word64 Rss,"
"",Word32 Iu6)
"Rxx-=asl(Rss,#u6)","Word64 Q6_P_aslnac_PI(Word64 Rxx, Word64 Rss,"
"",Word32 Iu6)
"Rxx-=asr(Rss,#u6)","Word64 Q6_P_asrnac_PI(Word64 Rxx, Word64 Rss,"
"",Word32 Iu6)
"Rxx-=lsr(Rss,#u6)","Word64 Q6_P_lsrnac_PI(Word64 Rxx, Word64 Rss,"
"",Word32 Iu6)
"Rxx-=rol(Rss,#u6)","Word64 Q6_P_rolnac_PI(Word64 Rxx, Word64 Rss,"
"",Word32 Iu6)
"Rd=addasl(Rt,Rs,#u3)","Word32 Q6_R_addasl_RRI(Word32 Rt, Word32 Rs,"
"",Word32 Iu3)
"Rx&=asl(Rs,#u5)","Word32 Q6_R_asland_RI(Word32 Rx, Word32 Rs, Word32"
"",Iu5)
"Rx&=asr(Rs,#u5)","Word32 Q6_R_asrand_RI(Word32 Rx, Word32 Rs, Word32"
"",Iu5)
"Rx&=lsr(Rs,#u5)","Word32 Q6_R_lsrand_RI(Word32 Rx, Word32 Rs, Word32"
"",Iu5)
"Rx&=rol(Rs,#u5)","Word32 Q6_R_roland_RI(Word32 Rx, Word32 Rs, Word32"
"",Iu5)
"Rx=and(#u8,asl(Rx,#U5))","Word32 Q6_R_and_asl_IRI(Word32 Iu8, Word32 Rx, Word32"
"",IU5)
"Rx=and(#u8,lsr(Rx,#U5))","Word32 Q6_R_and_lsr_IRI(Word32 Iu8, Word32 Rx, Word32"
"",IU5)
"Rx=or(#u8,asl(Rx,#U5))","Word32 Q6_R_or_asl_IRI(Word32 Iu8, Word32 Rx, Word32"
"",IU5)
"Rx=or(#u8,lsr(Rx,#U5))","Word32 Q6_R_or_lsr_IRI(Word32 Iu8, Word32 Rx, Word32"
"",IU5)
"Rx^=asl(Rs,#u5)","Word32 Q6_R_aslxacc_RI(Word32 Rx, Word32 Rs, Word32"
"",Iu5)
"Rx^=lsr(Rs,#u5)","Word32 Q6_R_lsrxacc_RI(Word32 Rx, Word32 Rs, Word32"
"",Iu5)
"Rx^=rol(Rs,#u5)","Word32 Q6_R_rolxacc_RI(Word32 Rx, Word32 Rs, Word32"
"",Iu5)
"Rx|=asl(Rs,#u5)","Word32 Q6_R_aslor_RI(Word32 Rx, Word32 Rs, Word32 Iu5)"
"Rx|=asr(Rs,#u5)","Word32 Q6_R_asror_RI(Word32 Rx, Word32 Rs, Word32 Iu5)"
"Rx|=lsr(Rs,#u5)","Word32 Q6_R_lsror_RI(Word32 Rx, Word32 Rs, Word32 Iu5)"
"Rx|=rol(Rs,#u5)","Word32 Q6_R_rolor_RI(Word32 Rx, Word32 Rs, Word32 Iu5)"
"Rxx&=asl(Rss,#u6)","Word64 Q6_P_asland_PI(Word64 Rxx, Word64 Rss, Word32"
"",Iu6)
"Rxx&=asr(Rss,#u6)","Word64 Q6_P_asrand_PI(Word64 Rxx, Word64 Rss, Word32"
"",Iu6)
"Rxx&=lsr(Rss,#u6)","Word64 Q6_P_lsrand_PI(Word64 Rxx, Word64 Rss, Word32"
"",Iu6)
"Rxx&=rol(Rss,#u6)","Word64 Q6_P_roland_PI(Word64 Rxx, Word64 Rss, Word32"
"",Iu6)
"Rxx^=asl(Rss,#u6)","Word64 Q6_P_aslxacc_PI(Word64 Rxx, Word64 Rss, Word32"
"",Iu6)
"Rxx^=lsr(Rss,#u6)","Word64 Q6_P_lsrxacc_PI(Word64 Rxx, Word64 Rss, Word32"
"",Iu6)
"Rxx^=rol(Rss,#u6)","Word64 Q6_P_rolxacc_PI(Word64 Rxx, Word64 Rss, Word32"
"",Iu6)
"Rxx|=asl(Rss,#u6)","Word64 Q6_P_aslor_PI(Word64 Rxx, Word64 Rss, Word32"
"",Iu6)
"Rxx|=asr(Rss,#u6)","Word64 Q6_P_asror_PI(Word64 Rxx, Word64 Rss, Word32"
"",Iu6)
"Rxx|=lsr(Rss,#u6)","Word64 Q6_P_lsror_PI(Word64 Rxx, Word64 Rss, Word32"
"",Iu6)
"Rxx|=rol(Rss,#u6)","Word64 Q6_P_rolor_PI(Word64 Rxx, Word64 Rss, Word32"
"",Iu6)
"Rd=asr(Rs,#u5):rnd","Word32 Q6_R_asr_RI_rnd(Word32 Rs, Word32 Iu5)"
"Rd=asrrnd(Rs,#u5)","Word32 Q6_R_asrrnd_RI(Word32 Rs, Word32 Iu5)"
"Rdd=asr(Rss,#u6):rnd","Word64 Q6_P_asr_PI_rnd(Word64 Rss, Word32 Iu6)"
"Rdd=asrrnd(Rss,#u6)","Word64 Q6_P_asrrnd_PI(Word64 Rss, Word32 Iu6)"
"Rd=asl(Rs,#u5):sat","Word32 Q6_R_asl_RI_sat(Word32 Rs, Word32 Iu5)"
"Rd=asl(Rs,Rt)","Word32 Q6_R_asl_RR(Word32 Rs, Word32 Rt)"
"Rd=asr(Rs,Rt)","Word32 Q6_R_asr_RR(Word32 Rs, Word32 Rt)"
"Rd=lsl(#s6,Rt)","Word32 Q6_R_lsl_IR(Word32 Is6, Word32 Rt)"
"Rd=lsl(Rs,Rt)","Word32 Q6_R_lsl_RR(Word32 Rs, Word32 Rt)"
"Rd=lsr(Rs,Rt)","Word32 Q6_R_lsr_RR(Word32 Rs, Word32 Rt)"
"Rdd=asl(Rss,Rt)","Word64 Q6_P_asl_PR(Word64 Rss, Word32 Rt)"
"Rdd=asr(Rss,Rt)","Word64 Q6_P_asr_PR(Word64 Rss, Word32 Rt)"
"Rdd=lsl(Rss,Rt)","Word64 Q6_P_lsl_PR(Word64 Rss, Word32 Rt)"
"Rdd=lsr(Rss,Rt)","Word64 Q6_P_lsr_PR(Word64 Rss, Word32 Rt)"
"Rx+=asl(Rs,Rt)","Word32 Q6_R_aslacc_RR(Word32 Rx, Word32 Rs, Word32 Rt)"
"Rx+=asr(Rs,Rt)","Word32 Q6_R_asracc_RR(Word32 Rx, Word32 Rs, Word32 Rt)"
"Rx+=lsl(Rs,Rt)","Word32 Q6_R_lslacc_RR(Word32 Rx, Word32 Rs, Word32 Rt)"
"Rx+=lsr(Rs,Rt)","Word32 Q6_R_lsracc_RR(Word32 Rx, Word32 Rs, Word32 Rt)"
"Rx-=asl(Rs,Rt)","Word32 Q6_R_aslnac_RR(Word32 Rx, Word32 Rs, Word32 Rt)"
"Rx-=asr(Rs,Rt)","Word32 Q6_R_asrnac_RR(Word32 Rx, Word32 Rs, Word32 Rt)"
"Rx-=lsl(Rs,Rt)","Word32 Q6_R_lslnac_RR(Word32 Rx, Word32 Rs, Word32 Rt)"
"Rx-=lsr(Rs,Rt)","Word32 Q6_R_lsrnac_RR(Word32 Rx, Word32 Rs, Word32 Rt)"
"Rxx+=asl(Rss,Rt)","Word64 Q6_P_aslacc_PR(Word64 Rxx, Word64 Rss, Word32"
"",Rt)
"Rxx+=asr(Rss,Rt)","Word64 Q6_P_asracc_PR(Word64 Rxx, Word64 Rss, Word32"
"",Rt)
"Rxx+=lsl(Rss,Rt)","Word64 Q6_P_lslacc_PR(Word64 Rxx, Word64 Rss, Word32"
"",Rt)
"Rxx+=lsr(Rss,Rt)","Word64 Q6_P_lsracc_PR(Word64 Rxx, Word64 Rss, Word32"
"",Rt)
"Rxx-=asl(Rss,Rt)","Word64 Q6_P_aslnac_PR(Word64 Rxx, Word64 Rss, Word32"
"",Rt)
"Rxx-=asr(Rss,Rt)","Word64 Q6_P_asrnac_PR(Word64 Rxx, Word64 Rss, Word32"
"",Rt)
"Rxx-=lsl(Rss,Rt)","Word64 Q6_P_lslnac_PR(Word64 Rxx, Word64 Rss, Word32"
"",Rt)
"Rxx-=lsr(Rss,Rt)","Word64 Q6_P_lsrnac_PR(Word64 Rxx, Word64 Rss, Word32"
"",Rt)
"Rx&=asl(Rs,Rt)","Word32 Q6_R_asland_RR(Word32 Rx, Word32 Rs, Word32 Rt)"
"Rx&=asr(Rs,Rt)","Word32 Q6_R_asrand_RR(Word32 Rx, Word32 Rs, Word32 Rt)"
"Rx&=lsl(Rs,Rt)","Word32 Q6_R_lsland_RR(Word32 Rx, Word32 Rs, Word32 Rt)"
"Rx&=lsr(Rs,Rt)","Word32 Q6_R_lsrand_RR(Word32 Rx, Word32 Rs, Word32 Rt)"
"Rx|=asl(Rs,Rt)","Word32 Q6_R_aslor_RR(Word32 Rx, Word32 Rs, Word32 Rt)"
"Rx|=asr(Rs,Rt)","Word32 Q6_R_asror_RR(Word32 Rx, Word32 Rs, Word32 Rt)"
"Rx|=lsl(Rs,Rt)","Word32 Q6_R_lslor_RR(Word32 Rx, Word32 Rs, Word32 Rt)"
"Rx|=lsr(Rs,Rt)","Word32 Q6_R_lsror_RR(Word32 Rx, Word32 Rs, Word32 Rt)"
"Rxx&=asl(Rss,Rt)","Word64 Q6_P_asland_PR(Word64 Rxx, Word64 Rss, Word32 Rt)"
"Rxx&=asr(Rss,Rt)","Word64 Q6_P_asrand_PR(Word64 Rxx, Word64 Rss, Word32 Rt)"
"Rxx&=lsl(Rss,Rt)","Word64 Q6_P_lsland_PR(Word64 Rxx, Word64 Rss, Word32 Rt)"
"Rxx&=lsr(Rss,Rt)","Word64 Q6_P_lsrand_PR(Word64 Rxx, Word64 Rss, Word32 Rt)"
"Rxx^=asl(Rss,Rt)","Word64 Q6_P_aslxacc_PR(Word64 Rxx, Word64 Rss, Word32 Rt)"
"Rxx^=asr(Rss,Rt)","Word64 Q6_P_asrxacc_PR(Word64 Rxx, Word64 Rss, Word32 Rt)"
"Rxx^=lsl(Rss,Rt)","Word64 Q6_P_lslxacc_PR(Word64 Rxx, Word64 Rss, Word32 Rt)"
"Rxx^=lsr(Rss,Rt)","Word64 Q6_P_lsrxacc_PR(Word64 Rxx, Word64 Rss, Word32 Rt)"
"Rxx|=asl(Rss,Rt)","Word64 Q6_P_aslor_PR(Word64 Rxx, Word64 Rss, Word32 Rt)"
"Rxx|=asr(Rss,Rt)","Word64 Q6_P_asror_PR(Word64 Rxx, Word64 Rss, Word32 Rt)"
"Rxx|=lsl(Rss,Rt)","Word64 Q6_P_lslor_PR(Word64 Rxx, Word64 Rss, Word32 Rt)"
"Rxx|=lsr(Rss,Rt)","Word64 Q6_P_lsror_PR(Word64 Rxx, Word64 Rss, Word32 Rt)"
"Rd=asl(Rs,Rt):sat","Word32 Q6_R_asl_RR_sat(Word32 Rs, Word32 Rt)"
"Rd=asr(Rs,Rt):sat","Word32 Q6_R_asr_RR_sat(Word32 Rs, Word32 Rt)"
"Rdd=vaslh(Rss,#u4)","Word64 Q6_P_vaslh_PI(Word64 Rss, Word32 Iu4)"
"Rdd=vasrh(Rss,#u4)","Word64 Q6_P_vasrh_PI(Word64 Rss, Word32 Iu4)"
"Rdd=vlsrh(Rss,#u4)","Word64 Q6_P_vlsrh_PI(Word64 Rss, Word32 Iu4)"
"Rdd=vasrh(Rss,#u4):rnd","Word64 Q6_P_vasrh_PI_rnd(Word64 Rss, Word32 Iu4)"
"Rd=vasrhub(Rss,#u4):rnd:sat","Word32 Q6_R_vasrhub_PI_rnd_sat(Word64 Rss,"
"",Word32 Iu4)
"Rd=vasrhub(Rss,#u4):sat","Word32 Q6_R_vasrhub_PI_sat(Word64 Rss, Word32"
"",Iu4)
"Rdd=vaslh(Rss,Rt)","Word64 Q6_P_vaslh_PR(Word64 Rss, Word32 Rt)"
"Rdd=vasrh(Rss,Rt)","Word64 Q6_P_vasrh_PR(Word64 Rss, Word32 Rt)"
"Rdd=vlslh(Rss,Rt)","Word64 Q6_P_vlslh_PR(Word64 Rss, Word32 Rt)"
"Rdd=vlsrh(Rss,Rt)","Word64 Q6_P_vlsrh_PR(Word64 Rss, Word32 Rt)"
"Rdd=vaslw(Rss,#u5)","Word64 Q6_P_vaslw_PI(Word64 Rss, Word32 Iu5)"
"Rdd=vasrw(Rss,#u5)","Word64 Q6_P_vasrw_PI(Word64 Rss, Word32 Iu5)"
"Rdd=vlsrw(Rss,#u5)","Word64 Q6_P_vlsrw_PI(Word64 Rss, Word32 Iu5)"
"Rdd=vaslw(Rss,Rt)","Word64 Q6_P_vaslw_PR(Word64 Rss, Word32 Rt)"
"Rdd=vasrw(Rss,Rt)","Word64 Q6_P_vasrw_PR(Word64 Rss, Word32 Rt)"
"Rdd=vlslw(Rss,Rt)","Word64 Q6_P_vlslw_PR(Word64 Rss, Word32 Rt)"
"Rdd=vlsrw(Rss,Rt)","Word64 Q6_P_vlsrw_PR(Word64 Rss, Word32 Rt)"
"Rd=vasrw(Rss,#u5)","Word32 Q6_R_vasrw_PI(Word64 Rss, Word32 Iu5)"
"Rd=vasrw(Rss,Rt)","Word32 Q6_R_vasrw_PR(Word64 Rss, Word32 Rt)"
